#node1	node2	label
ABCE1	EIF2S1	1
ABCE1	DDX18	1
ABCE1	EPRS1	1
ABCE1	GTPBP4	1
ABCE1	EIF2S2	1
ABCE1	RNASEL	1
ACADVL	ECHDC2	1
ACAT2	SQLE	1
ACAT2	DLAT	1
ACAT2	HMGCS1	1
ACAT2	DHCR7	1
ACAT2	FDPS	1
ACTL6A	SMARCC1	1
ACTL6A	SRSF1	1
ACTL6A	H2AZ1	1
ACTL6A	H2AZ2	1
ACTL6A	SMARCA4	1
ACTL6A	TRRAP	1
ACTL6A	UCHL5	1
ACTL6A	MRGBP	1
ACTL6A	HDAC2	1
ACTL6A	MYC	1
ACTR3B	ARPC5L	1
ADD1	TPI1	1
ADD1	ENOPH1	1
AGTR1	ARRB1	1
AHCTF1	NUP107	1
AHCTF1	NUP155	1
AHCTF1	NUP205	1
AHCTF1	PLK1	1
AHCTF1	NUP43	1
AHCTF1	CDC20	1
AHCTF1	NDC1	1
AHCTF1	NUP88	1
AHCTF1	NUP153	1
AHCTF1	SEH1L	1
AHCTF1	NUP37	1
ALDH4A1	EPRS1	1
ALDH4A1	GCLM	1
ALDH4A1	GATM	1
ANAPC13	CBX7	1
ANAPC13	FBXO5	1
ANAPC13	CCNB1	1
ANAPC13	UBE2S	1
ANAPC13	BUB1B	1
ANAPC13	CCNB2	1
ANAPC13	MAD2L1	1
ANAPC13	UBE2C	1
ANAPC13	NEK2	1
ANAPC13	CDC20	1
ANAPC13	PTTG1	1
ANAPC13	RAD51	1
ANAPC13	UBC	1
ANAPC13	CCNA2	1
ANOS1	CHD7	1
APOBEC3B	COX5A	1
APOBEC3B	ELOC	1
ARRB1	MAPK1	1
ARRB1	PPP2R5A	1
ARRB1	PDE4A	1
ARRB1	TFRC	1
ASAH1	GALC	1
ASAH1	SMPD1	1
ASNS	EIF2S1	1
ASNS	NARS1	1
ASNS	SLC7A5	1
ASNS	IARS1	1
ASNS	MTHFD2	1
ASPM	TRIP13	1
ASPM	AURKA	1
ASPM	OIP5	1
ASPM	NCAPH	1
ASPM	DLGAP5	1
ASPM	NCAPG	1
ASPM	CCNB1	1
ASPM	TROAP	1
ASPM	ESPL1	1
ASPM	KIF23	1
ASPM	KIF11	1
ASPM	NDC80	1
ASPM	KIF18A	1
ASPM	CENPE	1
ASPM	PLK4	1
ASPM	SPC25	1
ASPM	SMC2	1
ASPM	BUB1B	1
ASPM	CCNB2	1
ASPM	MAD2L1	1
ASPM	MELK	1
ASPM	PCLAF	1
ASPM	PLK1	1
ASPM	TPX2	1
ASPM	BUB1	1
ASPM	AURKB	1
ASPM	TYMS	1
ASPM	SPAG5	1
ASPM	KIF15	1
ASPM	NCAPD2	1
ASPM	KNTC1	1
ASPM	CDKN3	1
ASPM	SMC4	1
ASPM	FOXM1	1
ASPM	UBE2C	1
ASPM	RRM2	1
ASPM	EXO1	1
ASPM	CENPF	1
ASPM	DTL	1
ASPM	NEK2	1
ASPM	KIF14	1
ASPM	CDC45	1
ASPM	MCM10	1
ASPM	KIF18B	1
ASPM	CKS2	1
ASPM	TK1	1
ASPM	RACGAP1	1
ASPM	ZWINT	1
ASPM	KIFC1	1
ASPM	CDCA3	1
ASPM	PTTG1	1
ASPM	CKAP2	1
ASPM	PRC1	1
ASPM	ECT2	1
ASPM	HMMR	1
ASPM	HJURP	1
ASPM	KIF2C	1
ASPM	NUSAP1	1
ASPM	CDK1	1
ASPM	CCNA2	1
ASPM	CEP55	1
ASPM	CDCA8	1
ASPM	PBK	1
ASPM	KIF4A	1
ASPM	TTK	1
ASPM	MKI67	1
ASPM	CDC20	1
ASPM	STIL	1
ASPM	KIF20A	1
ASPM	TOP2A	1
ATAD2	CDC6	1
ATAD2	MCM4	1
ATAD2	CENPE	1
ATAD2	CEP55	1
ATAD2	NUSAP1	1
ATAD2	TPX2	1
ATAD2	SMC4	1
ATAD2	HELLS	1
ATAD2	TOP2A	1
ATG14	RB1CC1	1
ATG14	ATG5	1
ATG14	GABARAP	1
ATG5	RB1CC1	1
ATG5	GABARAP	1
ATG5	CYCS	1
ATG5	BNIP3	1
ATP5F1C	TPI1	1
ATP5F1C	MRPL3	1
ATP5F1C	NDUFA9	1
ATP5F1C	ATP5MC3	1
ATP5F1C	HPRT1	1
ATP5F1C	COX5A	1
ATP5F1C	COX7A2	1
ATP5F1C	MRPL9	1
ATP5F1C	CHCHD3	1
ATP5F1C	NDUFA6	1
ATP5F1C	POLR2B	1
ATP5F1C	PPA1	1
ATP5F1C	CDCA8	1
ATP5MC3	PPA1	1
ATP5MC3	CDCA8	1
ATP5MC3	ATP6V0A2	1
ATP5MC3	COX7A2	1
ATP5MC3	COX5A	1
ATP6V0A2	PPA1	1
AURKA	TRIP13	1
AURKA	CDC6	1
AURKA	CDC45	1
AURKA	UBE2S	1
AURKA	SMC2	1
AURKA	CDK4	1
AURKA	KIFC1	1
AURKA	KIF2A	1
AURKA	KIF15	1
AURKA	TYMS	1
AURKA	PCLAF	1
AURKA	MCM6	1
AURKA	FEN1	1
AURKA	CHEK1	1
AURKA	EZH2	1
AURKA	ESPL1	1
AURKA	TTK	1
AURKA	ZWINT	1
AURKA	PBK	1
AURKA	FOXM1	1
AURKA	NFKB1	1
AURKA	SPAG5	1
AURKA	CKS2	1
AURKA	CCNE2	1
AURKA	NCAPH	1
AURKA	CDCA3	1
AURKA	NEK2	1
AURKA	ECT2	1
AURKA	CDC25C	1
AURKA	MYBL2	1
AURKA	NUSAP1	1
AURKA	MKI67	1
AURKA	HJURP	1
AURKA	CENPE	1
AURKA	CDKN3	1
AURKA	RACGAP1	1
AURKA	KIF4A	1
AURKA	RRM2	1
AURKA	CENPF	1
AURKA	PRC1	1
AURKA	MELK	1
AURKA	MYC	1
AURKA	AURKB	1
AURKA	KIF23	1
AURKA	BUB1B	1
AURKA	MAD2L1	1
AURKA	NDC80	1
AURKA	KIF20A	1
AURKA	CEP55	1
AURKA	CCNA2	1
AURKA	CDK1	1
AURKA	CDCA8	1
AURKA	NCAPG	1
AURKA	TOP2A	1
AURKA	DLGAP5	1
AURKA	PTTG1	1
AURKA	HMMR	1
AURKA	BUB1	1
AURKA	KIF11	1
AURKA	CKAP5	1
AURKA	KIF2C	1
AURKA	CCNB1	1
AURKA	UBE2C	1
AURKA	CCNB2	1
AURKA	CDC20	1
AURKA	PLK1	1
AURKA	TACC3	1
AURKA	TPX2	1
AURKB	TRIP13	1
AURKB	CDC6	1
AURKB	MCM5	1
AURKB	MYBL2	1
AURKB	NCAPH	1
AURKB	DLGAP5	1
AURKB	PIMREG	1
AURKB	NCAPG	1
AURKB	CCNB1	1
AURKB	TROAP	1
AURKB	ESPL1	1
AURKB	KIF23	1
AURKB	KIF11	1
AURKB	NDC80	1
AURKB	MCM4	1
AURKB	KIF18A	1
AURKB	UBE2S	1
AURKB	MCM2	1
AURKB	CENPE	1
AURKB	PLK4	1
AURKB	CENPU	1
AURKB	SKA1	1
AURKB	BUB1B	1
AURKB	CCNB2	1
AURKB	MAD2L1	1
AURKB	RAD21	1
AURKB	MELK	1
AURKB	PCLAF	1
AURKB	PLK1	1
AURKB	TPX2	1
AURKB	BUB1	1
AURKB	MCM7	1
AURKB	RFC4	1
AURKB	POLD1	1
AURKB	CDKN3	1
AURKB	MCM10	1
AURKB	CKS2	1
AURKB	TYMS	1
AURKB	TACC3	1
AURKB	KIF18B	1
AURKB	CHEK1	1
AURKB	HMMR	1
AURKB	MYC	1
AURKB	TK1	1
AURKB	NEK2	1
AURKB	TTK	1
AURKB	RAD51	1
AURKB	PBK	1
AURKB	NCAPD2	1
AURKB	EXO1	1
AURKB	CENPI	1
AURKB	KIF14	1
AURKB	RRM2	1
AURKB	CDC25C	1
AURKB	PRC1	1
AURKB	KIF15	1
AURKB	CEP55	1
AURKB	MKI67	1
AURKB	SMC4	1
AURKB	ECT2	1
AURKB	SPAG5	1
AURKB	FOXM1	1
AURKB	KIFC1	1
AURKB	NUSAP1	1
AURKB	CENPF	1
AURKB	CDC45	1
AURKB	HJURP	1
AURKB	ZWINT	1
AURKB	CDCA3	1
AURKB	KIF4A	1
AURKB	PTTG1	1
AURKB	UBE2C	1
AURKB	RACGAP1	1
AURKB	TOP2A	1
AURKB	KIF20A	1
AURKB	CCNA2	1
AURKB	KIF2C	1
AURKB	CDK1	1
AURKB	CDC20	1
AURKB	CDCA8	1
BATF	STAT6	1
BATF	MYC	1
BMS1	ESF1	1
BMS1	RBM28	1
BMS1	BYSL	1
BMS1	DDX18	1
BMS1	RRS1	1
BMS1	BRIX1	1
BMS1	RRP1B	1
BMS1	GTPBP4	1
BMS1	GNL3L	1
BMS1	NOC3L	1
BMS1	EXOSC2	1
BMS1	UTP11	1
BMS1	GNL2	1
BMS1	NOP2	1
BMS1	EMG1	1
BMS1	WDR43	1
BNIP3	RHEB	1
BNIP3	GABARAP	1
BRIX1	ESF1	1
BRIX1	RBM28	1
BRIX1	BYSL	1
BRIX1	EIF2S1	1
BRIX1	DDX18	1
BRIX1	MRPL3	1
BRIX1	RRS1	1
BRIX1	DDX21	1
BRIX1	PUS7	1
BRIX1	NOLC1	1
BRIX1	EMG1	1
BRIX1	WDR43	1
BRIX1	TFB2M	1
BRIX1	PAK1IP1	1
BRIX1	UTP11	1
BRIX1	GNL2	1
BRIX1	GNL3L	1
BRIX1	RRP15	1
BRIX1	RRP1B	1
BRIX1	NOP2	1
BRIX1	NOC3L	1
BRIX1	GTPBP4	1
BTG2	PRMT1	1
BUB1	TRIP13	1
BUB1	CDC6	1
BUB1	MCM5	1
BUB1	MYBL2	1
BUB1	OIP5	1
BUB1	RAD51AP1	1
BUB1	NCAPH	1
BUB1	DLGAP5	1
BUB1	E2F8	1
BUB1	PIMREG	1
BUB1	NCAPG	1
BUB1	CCNB1	1
BUB1	TROAP	1
BUB1	ESPL1	1
BUB1	KIF23	1
BUB1	KIF11	1
BUB1	NDC80	1
BUB1	MCM4	1
BUB1	KIF18A	1
BUB1	CENPE	1
BUB1	PLK4	1
BUB1	CENPU	1
BUB1	SPC25	1
BUB1	SKA1	1
BUB1	BUB1B	1
BUB1	CCNB2	1
BUB1	MAD2L1	1
BUB1	RAD21	1
BUB1	MELK	1
BUB1	PCLAF	1
BUB1	PLK1	1
BUB1	TPX2	1
BUB1	MCM3	1
BUB1	NCAPG2	1
BUB1	TK1	1
BUB1	ERCC6L	1
BUB1	CKS1B	1
BUB1	RAD54L	1
BUB1	SHCBP1	1
BUB1	PRC1	1
BUB1	CENPN	1
BUB1	CKAP5	1
BUB1	SMC4	1
BUB1	KIF18B	1
BUB1	MCM7	1
BUB1	CKS2	1
BUB1	CDC7	1
BUB1	DTL	1
BUB1	TACC3	1
BUB1	KIF14	1
BUB1	FOXM1	1
BUB1	RRM2	1
BUB1	KNTC1	1
BUB1	RAD51	1
BUB1	RFC4	1
BUB1	RACGAP1	1
BUB1	CDKN3	1
BUB1	TYMS	1
BUB1	CENPI	1
BUB1	CDCA3	1
BUB1	ZWILCH	1
BUB1	CKAP2	1
BUB1	HMMR	1
BUB1	KIFC1	1
BUB1	CDC25C	1
BUB1	KIF15	1
BUB1	CEP55	1
BUB1	HJURP	1
BUB1	EXO1	1
BUB1	CDC45	1
BUB1	NEK2	1
BUB1	SPAG5	1
BUB1	PBK	1
BUB1	NUSAP1	1
BUB1	CHEK1	1
BUB1	ECT2	1
BUB1	KIF4A	1
BUB1	UBE2C	1
BUB1	PTTG1	1
BUB1	KIF20A	1
BUB1	MKI67	1
BUB1	CDCA8	1
BUB1	CCNA2	1
BUB1	TOP2A	1
BUB1	CENPF	1
BUB1	ZWINT	1
BUB1	KIF2C	1
BUB1	CDK1	1
BUB1	TTK	1
BUB1	CDC20	1
BUB1B	TRIP13	1
BUB1B	CDC6	1
BUB1B	CBX7	1
BUB1B	OIP5	1
BUB1B	RAD51AP1	1
BUB1B	NUP107	1
BUB1B	FBXO5	1
BUB1B	NCAPH	1
BUB1B	DLGAP5	1
BUB1B	E2F8	1
BUB1B	NCAPG	1
BUB1B	CCNB1	1
BUB1B	TROAP	1
BUB1B	ESPL1	1
BUB1B	KIF23	1
BUB1B	KIF11	1
BUB1B	PPP2R5A	1
BUB1B	NDC80	1
BUB1B	KIF18A	1
BUB1B	UBE2S	1
BUB1B	CENPE	1
BUB1B	PLK4	1
BUB1B	CENPU	1
BUB1B	SPC25	1
BUB1B	SKA1	1
BUB1B	TYMS	1
BUB1B	NCAPG2	1
BUB1B	SMC4	1
BUB1B	KIF2A	1
BUB1B	RAD54L	1
BUB1B	RFC4	1
BUB1B	MCM10	1
BUB1B	SHCBP1	1
BUB1B	MCM7	1
BUB1B	EXO1	1
BUB1B	CDC25C	1
BUB1B	DTL	1
BUB1B	CDC45	1
BUB1B	FANCI	1
BUB1B	CKAP5	1
BUB1B	ERCC6L	1
BUB1B	KIF18B	1
BUB1B	CENPN	1
BUB1B	KIFC1	1
BUB1B	ECT2	1
BUB1B	PCLAF	1
BUB1B	CHEK1	1
BUB1B	KIF14	1
BUB1B	HMMR	1
BUB1B	CDCA3	1
BUB1B	CKAP2	1
BUB1B	PRC1	1
BUB1B	CDKN3	1
BUB1B	HJURP	1
BUB1B	CENPI	1
BUB1B	RACGAP1	1
BUB1B	KNTC1	1
BUB1B	RRM2	1
BUB1B	KIF15	1
BUB1B	MKI67	1
BUB1B	TPX2	1
BUB1B	PBK	1
BUB1B	CEP55	1
BUB1B	RAD51	1
BUB1B	FOXM1	1
BUB1B	TACC3	1
BUB1B	SPAG5	1
BUB1B	ZWILCH	1
BUB1B	NUSAP1	1
BUB1B	MELK	1
BUB1B	KIF4A	1
BUB1B	KIF20A	1
BUB1B	PTTG1	1
BUB1B	TOP2A	1
BUB1B	KIF2C	1
BUB1B	TTK	1
BUB1B	UBE2C	1
BUB1B	CCNB2	1
BUB1B	CCNA2	1
BUB1B	CDCA8	1
BUB1B	ZWINT	1
BUB1B	NEK2	1
BUB1B	PLK1	1
BUB1B	CDC20	1
BUB1B	CENPF	1
BUB1B	MAD2L1	1
BUB1B	CDK1	1
BYSL	ESF1	1
BYSL	RBM28	1
BYSL	PAK1IP1	1
BYSL	NOLC1	1
BYSL	EXOSC2	1
BYSL	NOC3L	1
BYSL	GNL3L	1
BYSL	RSRC1	1
BYSL	RRP1B	1
BYSL	UTP25	1
BYSL	GNL2	1
BYSL	NOP2	1
BYSL	GTPBP4	1
BYSL	RRS1	1
BYSL	DDX18	1
BYSL	TFB2M	1
BYSL	UTP11	1
BYSL	TROAP	1
BYSL	WDR43	1
BYSL	EMG1	1
C1QBP	SRSF1	1
C1QBP	PHB2	1
C1orf112	PARPBP	1
CACYBP	CUL1	1
CBR1	PTS	1
CBX1	CHAF1A	1
CBX1	EZH2	1
CBX1	EED	1
CBX1	DNMT1	1
CBX1	RYBP	1
CBX7	UBE2S	1
CBX7	UBE2C	1
CBX7	RAD51	1
CBX7	RYBP	1
CBX7	EZH1	1
CBX7	EED	1
CBX7	HDAC2	1
CBX7	EZH2	1
CCNA2	TRIP13	1
CCNA2	CDC6	1
CCNA2	MCM5	1
CCNA2	MYBL2	1
CCNA2	ORC6	1
CCNA2	OIP5	1
CCNA2	RAD51AP1	1
CCNA2	FBXO5	1
CCNA2	GMNN	1
CCNA2	NCAPH	1
CCNA2	DLGAP5	1
CCNA2	E2F8	1
CCNA2	NCAPG	1
CCNA2	CCNB1	1
CCNA2	CDK4	1
CCNA2	ESPL1	1
CCNA2	KIF23	1
CCNA2	KIF11	1
CCNA2	NDC80	1
CCNA2	MCM4	1
CCNA2	CCNE1	1
CCNA2	KIF18A	1
CCNA2	MCM6	1
CCNA2	UBE2S	1
CCNA2	MCM2	1
CCNA2	CENPE	1
CCNA2	DBF4	1
CCNA2	PLK4	1
CCNA2	SKP2	1
CCNA2	SPC25	1
CCNA2	SKA1	1
CCNA2	CCNB2	1
CCNA2	MAD2L1	1
CCNA2	MELK	1
CCNA2	PCLAF	1
CCNA2	PLK1	1
CCNA2	TPX2	1
CCNA2	RRM1	1
CCNA2	FEN1	1
CCNA2	SHCBP1	1
CCNA2	MCM7	1
CCNA2	CKS1B	1
CCNA2	ZWILCH	1
CCNA2	TYMS	1
CCNA2	CDC25C	1
CCNA2	SPAG5	1
CCNA2	KIF15	1
CCNA2	TACC3	1
CCNA2	CUL1	1
CCNA2	CDKN3	1
CCNA2	SMC4	1
CCNA2	FOXM1	1
CCNA2	UBE2C	1
CCNA2	RRM2	1
CCNA2	EXO1	1
CCNA2	CENPF	1
CCNA2	DTL	1
CCNA2	NEK2	1
CCNA2	KIF14	1
CCNA2	MKI67	1
CCNA2	TTK	1
CCNA2	CEP55	1
CCNA2	ORC1	1
CCNA2	KIF2C	1
CCNA2	CDC20	1
CCNA2	CDCA8	1
CCNA2	ZWINT	1
CCNA2	KIF4A	1
CCNA2	CKS2	1
CCNA2	CKAP2	1
CCNA2	PCNA	1
CCNA2	RFC3	1
CCNA2	CHEK2	1
CCNA2	RFC4	1
CCNA2	ECT2	1
CCNA2	CENPN	1
CCNA2	HMMR	1
CCNA2	PTTG1	1
CCNA2	PRC1	1
CCNA2	KIF20A	1
CCNA2	CDK1	1
CCNA2	ELAVL1	1
CCNA2	NCAPG2	1
CCNA2	CHEK1	1
CCNA2	CDC7	1
CCNA2	KIFC1	1
CCNA2	E2F5	1
CCNA2	RACGAP1	1
CCNA2	CDC45	1
CCNA2	TOP2A	1
CCNA2	HJURP	1
CCNA2	MCM10	1
CCNA2	PBK	1
CCNA2	CCNE2	1
CCNA2	H2AX	1
CCNA2	UBC	1
CCNA2	CDCA3	1
CCNA2	TK1	1
CCNA2	MYC	1
CCNA2	MCM3	1
CCNA2	RAD51	1
CCNA2	NUSAP1	1
CCNB1	TRIP13	1
CCNB1	CDC6	1
CCNB1	MYBL2	1
CCNB1	ORC6	1
CCNB1	OIP5	1
CCNB1	FBXO5	1
CCNB1	NCAPH	1
CCNB1	DLGAP5	1
CCNB1	NCAPG	1
CCNB1	ZWILCH	1
CCNB1	MCM10	1
CCNB1	TACC3	1
CCNB1	NCAPD2	1
CCNB1	GINS1	1
CCNB1	NCAPG2	1
CCNB1	ERCC6L	1
CCNB1	LMNB1	1
CCNB1	KIFC1	1
CCNB1	PARP1	1
CCNB1	KNTC1	1
CCNB1	RAD21	1
CCNB1	CDC7	1
CCNB1	CCNE1	1
CCNB1	FANCI	1
CCNB1	CENPU	1
CCNB1	CCNE2	1
CCNB1	RAD51	1
CCNB1	UBE2S	1
CCNB1	CENPN	1
CCNB1	SMC2	1
CCNB1	EXO1	1
CCNB1	MCM3	1
CCNB1	ORC1	1
CCNB1	CKAP5	1
CCNB1	PCLAF	1
CCNB1	SKP2	1
CCNB1	CDC45	1
CCNB1	MCM6	1
CCNB1	CHEK2	1
CCNB1	PLK4	1
CCNB1	KIF18A	1
CCNB1	KPNA2	1
CCNB1	TYMS	1
CCNB1	SMC4	1
CCNB1	KIF14	1
CCNB1	SPAG5	1
CCNB1	PCNA	1
CCNB1	MKI67	1
CCNB1	MCM4	1
CCNB1	HJURP	1
CCNB1	MYC	1
CCNB1	TK1	1
CCNB1	SPC25	1
CCNB1	SKA1	1
CCNB1	RRM2	1
CCNB1	NEK2	1
CCNB1	ECT2	1
CCNB1	KIF15	1
CCNB1	KIF23	1
CCNB1	NUSAP1	1
CCNB1	KIF4A	1
CCNB1	XPO1	1
CCNB1	PRC1	1
CCNB1	CHEK1	1
CCNB1	TTK	1
CCNB1	CDCA3	1
CCNB1	CDK4	1
CCNB1	CEP55	1
CCNB1	CDKN3	1
CCNB1	HMMR	1
CCNB1	TPX2	1
CCNB1	ZWINT	1
CCNB1	RACGAP1	1
CCNB1	KIF20A	1
CCNB1	PBK	1
CCNB1	KIF2C	1
CCNB1	KIF11	1
CCNB1	CENPE	1
CCNB1	MELK	1
CCNB1	H2AX	1
CCNB1	NDC80	1
CCNB1	PTTG1	1
CCNB1	CDCA8	1
CCNB1	CENPF	1
CCNB1	FOXM1	1
CCNB1	MAD2L1	1
CCNB1	TOP2A	1
CCNB1	UBE2C	1
CCNB1	CDC25C	1
CCNB1	CCNB2	1
CCNB1	CKS1B	1
CCNB1	ESPL1	1
CCNB1	CKS2	1
CCNB1	CDC20	1
CCNB1	PLK1	1
CCNB1	CDK1	1
CCNB2	TRIP13	1
CCNB2	CDC6	1
CCNB2	MCM5	1
CCNB2	MYBL2	1
CCNB2	OIP5	1
CCNB2	RAD51AP1	1
CCNB2	NCAPH	1
CCNB2	DLGAP5	1
CCNB2	PIMREG	1
CCNB2	NCAPG	1
CCNB2	CDK4	1
CCNB2	ESPL1	1
CCNB2	KIF23	1
CCNB2	KIF11	1
CCNB2	NDC80	1
CCNB2	MCM4	1
CCNB2	CCNE1	1
CCNB2	KIF18A	1
CCNB2	MCM6	1
CCNB2	MCM2	1
CCNB2	CENPE	1
CCNB2	PLK4	1
CCNB2	CENPU	1
CCNB2	SPC25	1
CCNB2	SKA1	1
CCNB2	SMC2	1
CCNB2	KNTC1	1
CCNB2	CDC7	1
CCNB2	NCAPD2	1
CCNB2	EXO1	1
CCNB2	CKAP5	1
CCNB2	MCM7	1
CCNB2	SPAG5	1
CCNB2	RFC4	1
CCNB2	KIFC1	1
CCNB2	KPNA2	1
CCNB2	CENPI	1
CCNB2	RAD51	1
CCNB2	RAD21	1
CCNB2	ECT2	1
CCNB2	KIF15	1
CCNB2	RACGAP1	1
CCNB2	CHEK1	1
CCNB2	CENPN	1
CCNB2	SMC4	1
CCNB2	KIF4A	1
CCNB2	TYMS	1
CCNB2	MKI67	1
CCNB2	TK1	1
CCNB2	PBK	1
CCNB2	PCLAF	1
CCNB2	HMMR	1
CCNB2	CDKN3	1
CCNB2	FOXM1	1
CCNB2	CCNE2	1
CCNB2	NEK2	1
CCNB2	HJURP	1
CCNB2	CEP55	1
CCNB2	CDCA3	1
CCNB2	RRM2	1
CCNB2	ZWINT	1
CCNB2	PRC1	1
CCNB2	KIF20A	1
CCNB2	CDC45	1
CCNB2	CKS1B	1
CCNB2	TPX2	1
CCNB2	TTK	1
CCNB2	MAD2L1	1
CCNB2	NUSAP1	1
CCNB2	UBE2C	1
CCNB2	PTTG1	1
CCNB2	KIF2C	1
CCNB2	CDCA8	1
CCNB2	CENPF	1
CCNB2	MELK	1
CCNB2	TOP2A	1
CCNB2	CKS2	1
CCNB2	CDC25C	1
CCNB2	PLK1	1
CCNB2	CDK1	1
CCNB2	CDC20	1
CCNE1	CDC6	1
CCNE1	MCM5	1
CCNE1	CDK4	1
CCNE1	CHEK1	1
CCNE1	CDC25C	1
CCNE1	MCM7	1
CCNE1	CDC20	1
CCNE1	CCT4	1
CCNE1	FOXM1	1
CCNE1	E2F5	1
CCNE1	CKS2	1
CCNE1	PCNA	1
CCNE1	CKS1B	1
CCNE1	MYC	1
CCNE1	CCNE2	1
CCNE1	CUL1	1
CCNE1	CDK1	1
CCNE1	SKP2	1
CCNE2	CDC6	1
CCNE2	E2F8	1
CCNE2	CDK4	1
CCNE2	MCM4	1
CCNE2	SKP2	1
CCNE2	CKS1B	1
CCNE2	CUL1	1
CCNE2	RRM2	1
CCNE2	PCNA	1
CCNE2	CDK1	1
CCNE2	CHEK1	1
CCNE2	E2F5	1
CCNE2	MCM10	1
CCNE2	MYC	1
CCT4	PSMA2	1
CCT4	HSPE1	1
CCT4	SDF2	1
CCT4	EIF2S1	1
CCT4	PSMA5	1
CCT4	CCT6A	1
CCT4	CCT5	1
CCT4	VBP1	1
CCT4	CCT8	1
CCT4	PSMD2	1
CCT4	PSMG2	1
CCT4	PSMG1	1
CCT4	PSMD12	1
CCT4	PFDN2	1
CCT4	PSMA7	1
CCT4	PFDN4	1
CCT4	CDC20	1
CCT4	DNAJC9	1
CCT4	RAN	1
CCT4	PFDN5	1
CCT5	PSMA2	1
CCT5	HSPE1	1
CCT5	SDF2	1
CCT5	EIF2S1	1
CCT5	PSMA5	1
CCT5	CCT6A	1
CCT5	TARS1	1
CCT5	DNAJA1	1
CCT5	PSMA7	1
CCT5	PSMD2	1
CCT5	RAN	1
CCT5	PSMG2	1
CCT5	PSMG1	1
CCT5	DNAJC9	1
CCT5	VBP1	1
CCT5	PFDN4	1
CCT5	PFDN5	1
CCT5	PFDN2	1
CCT5	CDC20	1
CCT5	CCT8	1
CCT6A	HSPE1	1
CCT6A	SDF2	1
CCT6A	EIF2S1	1
CCT6A	RAN	1
CCT6A	HSPD1	1
CCT6A	PSMG2	1
CCT6A	PSMG1	1
CCT6A	PFDN4	1
CCT6A	DNAJC9	1
CCT6A	VBP1	1
CCT6A	PFDN2	1
CCT6A	PFDN5	1
CCT6A	CDC20	1
CCT6A	CCT8	1
CCT8	PSMA4	1
CCT8	PSMA2	1
CCT8	HSPE1	1
CCT8	SDF2	1
CCT8	EIF2S1	1
CCT8	PSMA5	1
CCT8	VBP1	1
CCT8	RAN	1
CCT8	PSMD2	1
CCT8	PSMC2	1
CCT8	PSMA7	1
CCT8	HSPD1	1
CCT8	PSMG2	1
CCT8	PSMG1	1
CCT8	DNAJC9	1
CCT8	PFDN4	1
CCT8	PFDN2	1
CCT8	PFDN5	1
CCT8	CDC20	1
CD63	EPCAM	1
CD63	TFRC	1
CDC20	TRIP13	1
CDC20	CDC6	1
CDC20	MCM5	1
CDC20	MYBL2	1
CDC20	RAD51AP1	1
CDC20	FBXO5	1
CDC20	GMNN	1
CDC20	NCAPH	1
CDC20	DLGAP5	1
CDC20	PIMREG	1
CDC20	NCAPG	1
CDC20	CDK4	1
CDC20	TROAP	1
CDC20	ESPL1	1
CDC20	KIF23	1
CDC20	KIF11	1
CDC20	PPP2R5A	1
CDC20	NDC80	1
CDC20	MCM4	1
CDC20	KIF18A	1
CDC20	MCM6	1
CDC20	UBE2S	1
CDC20	MCM2	1
CDC20	CENPE	1
CDC20	DBF4	1
CDC20	PLK4	1
CDC20	SKP2	1
CDC20	CENPU	1
CDC20	SPC25	1
CDC20	SKA1	1
CDC20	MAD2L1	1
CDC20	MELK	1
CDC20	PCLAF	1
CDC20	PLK1	1
CDC20	TPX2	1
CDC20	MCM7	1
CDC20	CKS1B	1
CDC20	ZWILCH	1
CDC20	TYMS	1
CDC20	CDC25C	1
CDC20	SPAG5	1
CDC20	KIF15	1
CDC20	NCAPD2	1
CDC20	TACC3	1
CDC20	CUL1	1
CDC20	KNTC1	1
CDC20	ERCC6L	1
CDC20	CDKN3	1
CDC20	FOXM1	1
CDC20	UBE2C	1
CDC20	RRM2	1
CDC20	EXO1	1
CDC20	CENPF	1
CDC20	NEK2	1
CDC20	MKI67	1
CDC20	TTK	1
CDC20	CEP55	1
CDC20	KIF2C	1
CDC20	KPNA2	1
CDC20	ECT2	1
CDC20	RFC4	1
CDC20	CHEK1	1
CDC20	CDC7	1
CDC20	KIF18B	1
CDC20	PCNA	1
CDC20	UBC	1
CDC20	CENPI	1
CDC20	MDC1	1
CDC20	CENPN	1
CDC20	XPO1	1
CDC20	RAD51	1
CDC20	MCM3	1
CDC20	RACGAP1	1
CDC20	KIF2A	1
CDC20	CKAP5	1
CDC20	HMMR	1
CDC20	TK1	1
CDC20	KIFC1	1
CDC20	HJURP	1
CDC20	KIF4A	1
CDC20	CDC45	1
CDC20	NUSAP1	1
CDC20	PRC1	1
CDC20	PBK	1
CDC20	ZWINT	1
CDC20	CKS2	1
CDC20	TOP2A	1
CDC20	CDCA3	1
CDC20	KIF20A	1
CDC20	CDCA8	1
CDC20	PTTG1	1
CDC20	CDK1	1
CDC25C	CDC6	1
CDC25C	DLGAP5	1
CDC25C	CDK4	1
CDC25C	KIF18A	1
CDC25C	YWHAE	1
CDC25C	PLK4	1
CDC25C	MELK	1
CDC25C	PLK1	1
CDC25C	H2AX	1
CDC25C	PTTG1	1
CDC25C	HMMR	1
CDC25C	CDKN3	1
CDC25C	KIF14	1
CDC25C	TTK	1
CDC25C	TOP2A	1
CDC25C	KIF4A	1
CDC25C	NEK2	1
CDC25C	UBE2C	1
CDC25C	CDCA8	1
CDC25C	FOXM1	1
CDC25C	KIF20A	1
CDC25C	CDC45	1
CDC25C	HJURP	1
CDC25C	KIF2C	1
CDC25C	CHEK2	1
CDC25C	CHEK1	1
CDC25C	YWHAZ	1
CDC25C	CDK1	1
CDC45	RFC2	1
CDC45	TRIP13	1
CDC45	CDC6	1
CDC45	MCM5	1
CDC45	POLE2	1
CDC45	ORC6	1
CDC45	OIP5	1
CDC45	GMNN	1
CDC45	DLGAP5	1
CDC45	NCAPG	1
CDC45	CDK4	1
CDC45	KIF23	1
CDC45	KIF11	1
CDC45	TOPBP1	1
CDC45	MCM4	1
CDC45	GINS1	1
CDC45	MCM6	1
CDC45	MCM2	1
CDC45	POLA2	1
CDC45	DBF4	1
CDC45	GINS4	1
CDC45	SPC25	1
CDC45	MAD2L1	1
CDC45	MELK	1
CDC45	PCLAF	1
CDC45	PLK1	1
CDC45	TPX2	1
CDC45	FEN1	1
CDC45	MCM7	1
CDC45	FANCI	1
CDC45	TYMS	1
CDC45	DSCC1	1
CDC45	SPAG5	1
CDC45	KIF15	1
CDC45	TRAIP	1
CDC45	UBE2C	1
CDC45	DNA2	1
CDC45	RRM2	1
CDC45	EXO1	1
CDC45	CENPF	1
CDC45	DTL	1
CDC45	MKI67	1
CDC45	TTK	1
CDC45	CEP55	1
CDC45	ORC1	1
CDC45	RAD54L	1
CDC45	KIF2C	1
CDC45	CDCA8	1
CDC45	ZWINT	1
CDC45	POLE3	1
CDC45	KIF4A	1
CDC45	PCNA	1
CDC45	RFC3	1
CDC45	CHEK2	1
CDC45	RFC4	1
CDC45	HMMR	1
CDC45	PTTG1	1
CDC45	PRC1	1
CDC45	KIF20A	1
CDC45	CDK1	1
CDC45	CHEK1	1
CDC45	CDC7	1
CDC45	KIFC1	1
CDC45	GINS3	1
CDC45	CDCA3	1
CDC45	H2AX	1
CDC45	ELOC	1
CDC45	TK1	1
CDC45	PBK	1
CDC45	HJURP	1
CDC45	POLD1	1
CDC45	NUSAP1	1
CDC45	TOP2A	1
CDC45	PRIM2	1
CDC45	RAD51	1
CDC45	RECQL4	1
CDC45	MCM3	1
CDC45	MCM10	1
CDC6	RFC2	1
CDC6	ZWINT	1
CDC6	KIF2C	1
CDC6	SMC2	1
CDC6	PCNA	1
CDC6	MELK	1
CDC6	PBK	1
CDC6	SMC4	1
CDC6	E2F5	1
CDC6	GINS1	1
CDC6	SKP2	1
CDC6	RRM1	1
CDC6	MAD2L1	1
CDC6	NUSAP1	1
CDC6	KNTC1	1
CDC6	GINS4	1
CDC6	RFC3	1
CDC6	TOPBP1	1
CDC6	MYC	1
CDC6	TOP2A	1
CDC6	TTK	1
CDC6	CHEK2	1
CDC6	PLK1	1
CDC6	HELLS	1
CDC6	CDCA8	1
CDC6	RAD51	1
CDC6	UBE2C	1
CDC6	CDK4	1
CDC6	RFC4	1
CDC6	PRIM2	1
CDC6	FEN1	1
CDC6	GINS3	1
CDC6	ESPL1	1
CDC6	DLGAP5	1
CDC6	KIF11	1
CDC6	POLA2	1
CDC6	GMNN	1
CDC6	RRM2	1
CDC6	E2F8	1
CDC6	CHEK1	1
CDC6	POLE2	1
CDC6	DBF4	1
CDC6	CDK1	1
CDC6	DTL	1
CDC6	EXO1	1
CDC6	CDC7	1
CDC6	MCM10	1
CDC6	MCM5	1
CDC6	MCM4	1
CDC6	ORC1	1
CDC6	MCM7	1
CDC6	ORC6	1
CDC6	MCM3	1
CDC6	MCM6	1
CDC6	MCM2	1
CDC7	MCM5	1
CDC7	POLE2	1
CDC7	ORC6	1
CDC7	MSH2	1
CDC7	CDK4	1
CDC7	TOPBP1	1
CDC7	MCM4	1
CDC7	MCM6	1
CDC7	MCM2	1
CDC7	DBF4	1
CDC7	PLK1	1
CDC7	MCM7	1
CDC7	ORC1	1
CDC7	CHEK2	1
CDC7	RFC4	1
CDC7	CDK1	1
CDC7	CHEK1	1
CDC7	PRIM2	1
CDC7	GINS3	1
CDC7	MCM10	1
CDC7	MCM3	1
CDCA3	TRIP13	1
CDCA3	NCAPH	1
CDCA3	DLGAP5	1
CDCA3	PIMREG	1
CDCA3	NCAPG	1
CDCA3	TROAP	1
CDCA3	ESPL1	1
CDCA3	KIF23	1
CDCA3	KIF11	1
CDCA3	NDC80	1
CDCA3	CENPE	1
CDCA3	CTDSP1	1
CDCA3	SPC25	1
CDCA3	SKA1	1
CDCA3	MAD2L1	1
CDCA3	MELK	1
CDCA3	PCLAF	1
CDCA3	PLK1	1
CDCA3	TPX2	1
CDCA3	SPAG5	1
CDCA3	KIF15	1
CDCA3	TACC3	1
CDCA3	CDKN3	1
CDCA3	FOXM1	1
CDCA3	UBE2C	1
CDCA3	RRM2	1
CDCA3	CENPF	1
CDCA3	NEK2	1
CDCA3	MKI67	1
CDCA3	TTK	1
CDCA3	CEP55	1
CDCA3	KIF2C	1
CDCA3	CDCA8	1
CDCA3	KIF4A	1
CDCA3	HMMR	1
CDCA3	PTTG1	1
CDCA3	PRC1	1
CDCA3	KIF20A	1
CDCA3	CDK1	1
CDCA3	CTDSP2	1
CDCA3	KIFC1	1
CDCA3	TOP2A	1
CDCA3	HJURP	1
CDCA3	PBK	1
CDCA3	KIF18B	1
CDCA3	NUSAP1	1
CDCA8	TRIP13	1
CDCA8	OIP5	1
CDCA8	NCAPH	1
CDCA8	DLGAP5	1
CDCA8	E2F8	1
CDCA8	NCAPG	1
CDCA8	TROAP	1
CDCA8	ESPL1	1
CDCA8	KIF23	1
CDCA8	KIF11	1
CDCA8	NDC80	1
CDCA8	KIF18A	1
CDCA8	CENPE	1
CDCA8	CENPU	1
CDCA8	SKA1	1
CDCA8	MIS18A	1
CDCA8	MAD2L1	1
CDCA8	MELK	1
CDCA8	PCLAF	1
CDCA8	PLK1	1
CDCA8	TPX2	1
CDCA8	SHCBP1	1
CDCA8	ZWILCH	1
CDCA8	SPAG5	1
CDCA8	KIF15	1
CDCA8	TACC3	1
CDCA8	KNTC1	1
CDCA8	ERCC6L	1
CDCA8	CDKN3	1
CDCA8	FOXM1	1
CDCA8	UBE2C	1
CDCA8	RRM2	1
CDCA8	CENPF	1
CDCA8	NEK2	1
CDCA8	KIF14	1
CDCA8	MKI67	1
CDCA8	TTK	1
CDCA8	CEP55	1
CDCA8	RAD54L	1
CDCA8	KIF2C	1
CDCA8	CENPI	1
CDCA8	TK1	1
CDCA8	CENPN	1
CDCA8	MCM3	1
CDCA8	CKAP2	1
CDCA8	ZWINT	1
CDCA8	NCAPG2	1
CDCA8	RAD51	1
CDCA8	ECT2	1
CDCA8	KIF18B	1
CDCA8	KIFC1	1
CDCA8	HMMR	1
CDCA8	PTTG1	1
CDCA8	PRC1	1
CDCA8	PBK	1
CDCA8	TOP2A	1
CDCA8	HJURP	1
CDCA8	KIF4A	1
CDCA8	RACGAP1	1
CDCA8	NUSAP1	1
CDCA8	KIF20A	1
CDCA8	CDK1	1
CDK1	TRIP13	1
CDK1	MCM5	1
CDK1	MYBL2	1
CDK1	ORC6	1
CDK1	OIP5	1
CDK1	RAD51AP1	1
CDK1	FBXO5	1
CDK1	GMNN	1
CDK1	NCAPH	1
CDK1	DLGAP5	1
CDK1	E2F8	1
CDK1	PIMREG	1
CDK1	NCAPG	1
CDK1	ESPL1	1
CDK1	KIF23	1
CDK1	KIF11	1
CDK1	LMNB1	1
CDK1	NDC80	1
CDK1	MCM4	1
CDK1	GINS1	1
CDK1	KIF18A	1
CDK1	MCM6	1
CDK1	UBE2S	1
CDK1	MCM2	1
CDK1	CENPE	1
CDK1	PLK4	1
CDK1	SKP2	1
CDK1	CENPU	1
CDK1	SPC25	1
CDK1	SKA1	1
CDK1	SMC2	1
CDK1	H2AZ1	1
CDK1	MAD2L1	1
CDK1	RAD21	1
CDK1	MELK	1
CDK1	PCLAF	1
CDK1	PLK1	1
CDK1	TPX2	1
CDK1	RRM1	1
CDK1	FEN1	1
CDK1	MCM7	1
CDK1	FANCI	1
CDK1	CKS1B	1
CDK1	ZWILCH	1
CDK1	TYMS	1
CDK1	NCL	1
CDK1	EZH2	1
CDK1	SPAG5	1
CDK1	KIF15	1
CDK1	NCAPD2	1
CDK1	TACC3	1
CDK1	KNTC1	1
CDK1	ERCC6L	1
CDK1	CDKN3	1
CDK1	SMC4	1
CDK1	FOXM1	1
CDK1	UBE2C	1
CDK1	XRCC6	1
CDK1	RRM2	1
CDK1	EXO1	1
CDK1	CENPF	1
CDK1	DTL	1
CDK1	NEK2	1
CDK1	KIF14	1
CDK1	MKI67	1
CDK1	TTK	1
CDK1	CEP55	1
CDK1	ORC1	1
CDK1	STIL	1
CDK1	RAD54L	1
CDK1	KIF2C	1
CDK1	CENPI	1
CDK1	ZWINT	1
CDK1	KIF4A	1
CDK1	CKS2	1
CDK1	CKAP2	1
CDK1	PCNA	1
CDK1	RFC3	1
CDK1	RFC4	1
CDK1	ECT2	1
CDK1	CENPN	1
CDK1	HMMR	1
CDK1	PTTG1	1
CDK1	PRC1	1
CDK1	KIF20A	1
CDK1	E2F5	1
CDK1	PARPBP	1
CDK1	MCM3	1
CDK1	NCAPD3	1
CDK1	MYC	1
CDK1	NCAPG2	1
CDK1	KIFC1	1
CDK1	RAD51	1
CDK1	TK1	1
CDK1	KPNA2	1
CDK1	XPO1	1
CDK1	H2AX	1
CDK1	MCM10	1
CDK1	HJURP	1
CDK1	CKAP5	1
CDK1	CHEK1	1
CDK1	NUSAP1	1
CDK1	RACGAP1	1
CDK1	PBK	1
CDK1	TOP2A	1
CDK4	NFKB1	1
CDK4	WDR77	1
CDK4	MCM3	1
CDK4	CUL1	1
CDK4	FOXM1	1
CDK4	DNMT1	1
CDK4	MCM6	1
CDK4	H2AX	1
CDK4	CYCS	1
CDK4	SMARCA4	1
CDK4	E2F5	1
CDK4	PARP1	1
CDK4	TOP2A	1
CDK4	PLK1	1
CDK4	NRAS	1
CDK4	CDKN3	1
CDK4	MCM2	1
CDK4	CKS1B	1
CDK4	SKP2	1
CDK4	MCM7	1
CDK4	RAD51	1
CDK4	MYC	1
CDK4	PCNA	1
CDK8	WDR77	1
CDK8	MED17	1
CDK8	PARP1	1
CDK8	MYC	1
CDKN3	OIP5	1
CDKN3	DLGAP5	1
CDKN3	NCAPG	1
CDKN3	KIF11	1
CDKN3	NDC80	1
CDKN3	CENPE	1
CDKN3	PLK4	1
CDKN3	SPC25	1
CDKN3	MAD2L1	1
CDKN3	MELK	1
CDKN3	PLK1	1
CDKN3	TPX2	1
CDKN3	KIF15	1
CDKN3	CHEK1	1
CDKN3	MKI67	1
CDKN3	RRM2	1
CDKN3	NEK2	1
CDKN3	CKS2	1
CDKN3	CENPF	1
CDKN3	HJURP	1
CDKN3	KIF2C	1
CDKN3	KIF4A	1
CDKN3	CEP55	1
CDKN3	NUSAP1	1
CDKN3	HMMR	1
CDKN3	KIF20A	1
CDKN3	PTTG1	1
CDKN3	UBE2C	1
CDKN3	TTK	1
CDKN3	PBK	1
CDKN3	TOP2A	1
CDKN3	PRC1	1
CEACAM5	EPCAM	1
CENPE	NCAPH	1
CENPE	DLGAP5	1
CENPE	NCAPG	1
CENPE	ESPL1	1
CENPE	KIF23	1
CENPE	KIF11	1
CENPE	NDC80	1
CENPE	KIF18A	1
CENPE	CENPU	1
CENPE	FOXM1	1
CENPE	ERCC6L	1
CENPE	CHEK1	1
CENPE	KNTC1	1
CENPE	EXO1	1
CENPE	CKAP5	1
CENPE	TACC3	1
CENPE	PTTG1	1
CENPE	UBE2C	1
CENPE	SPAG5	1
CENPE	KIFC1	1
CENPE	CKAP2	1
CENPE	RACGAP1	1
CENPE	NEK2	1
CENPE	ECT2	1
CENPE	KIF14	1
CENPE	SMC2	1
CENPE	PLK4	1
CENPE	ZWILCH	1
CENPE	ZWINT	1
CENPE	CENPI	1
CENPE	SKA1	1
CENPE	MELK	1
CENPE	KIF2A	1
CENPE	PBK	1
CENPE	TPX2	1
CENPE	SMC4	1
CENPE	HJURP	1
CENPE	MKI67	1
CENPE	TOP2A	1
CENPE	HMMR	1
CENPE	NUSAP1	1
CENPE	KIF15	1
CENPE	CEP55	1
CENPE	MAD2L1	1
CENPE	KIF4A	1
CENPE	KIF20A	1
CENPE	TTK	1
CENPE	PLK1	1
CENPE	KIF2C	1
CENPE	PRC1	1
CENPE	CENPF	1
CENPF	TRIP13	1
CENPF	DLGAP5	1
CENPF	E2F8	1
CENPF	NCAPG	1
CENPF	TROAP	1
CENPF	ESPL1	1
CENPF	KIF23	1
CENPF	KIF11	1
CENPF	NDC80	1
CENPF	KIF18A	1
CENPF	CENPU	1
CENPF	SPC25	1
CENPF	SKA1	1
CENPF	SMC2	1
CENPF	MAD2L1	1
CENPF	MELK	1
CENPF	PCLAF	1
CENPF	PLK1	1
CENPF	TPX2	1
CENPF	ZWILCH	1
CENPF	SPAG5	1
CENPF	KIF15	1
CENPF	TACC3	1
CENPF	KNTC1	1
CENPF	SMC4	1
CENPF	FOXM1	1
CENPF	UBE2C	1
CENPF	RRM2	1
CENPF	EXO1	1
CENPF	STIL	1
CENPF	RFC4	1
CENPF	KIFC1	1
CENPF	CHEK1	1
CENPF	ECT2	1
CENPF	TK1	1
CENPF	RACGAP1	1
CENPF	PTTG1	1
CENPF	KIF4A	1
CENPF	DTL	1
CENPF	CENPI	1
CENPF	HMMR	1
CENPF	CKAP2	1
CENPF	PRC1	1
CENPF	NUSAP1	1
CENPF	HJURP	1
CENPF	PBK	1
CENPF	ZWINT	1
CENPF	CEP55	1
CENPF	KIF14	1
CENPF	KIF20A	1
CENPF	TTK	1
CENPF	NEK2	1
CENPF	TOP2A	1
CENPF	MKI67	1
CENPF	KIF2C	1
CENPI	OIP5	1
CENPI	ESPL1	1
CENPI	KIF23	1
CENPI	KIF11	1
CENPI	NDC80	1
CENPI	KIF18A	1
CENPI	CENPU	1
CENPI	SKA1	1
CENPI	MIS18A	1
CENPI	MAD2L1	1
CENPI	PLK1	1
CENPI	ZWILCH	1
CENPI	ERCC6L	1
CENPI	ZWINT	1
CENPI	PARPBP	1
CENPI	CKAP5	1
CENPI	HJURP	1
CENPI	CENPN	1
CENPN	OIP5	1
CENPN	RAD51AP1	1
CENPN	ESPL1	1
CENPN	KIF11	1
CENPN	NDC80	1
CENPN	CENPU	1
CENPN	SKA1	1
CENPN	MIS18A	1
CENPN	MAD2L1	1
CENPN	MELK	1
CENPN	PLK1	1
CENPN	TPX2	1
CENPN	SHCBP1	1
CENPN	ZWILCH	1
CENPN	TTK	1
CENPN	KIF2C	1
CENPN	MCM10	1
CENPN	CHEK1	1
CENPN	NCAPG2	1
CENPN	NUSAP1	1
CENPN	PBK	1
CENPN	HJURP	1
CENPU	OIP5	1
CENPU	RAD51AP1	1
CENPU	DLGAP5	1
CENPU	NCAPG	1
CENPU	NDC80	1
CENPU	MIS18A	1
CENPU	RACGAP1	1
CENPU	PBK	1
CENPU	HJURP	1
CENPU	ZWINT	1
CENPU	MAD2L1	1
CENPU	MLF1	1
CENPU	PLK1	1
CEP55	TRIP13	1
CEP55	OIP5	1
CEP55	RAD51AP1	1
CEP55	DLGAP5	1
CEP55	NCAPG	1
CEP55	ESPL1	1
CEP55	KIF23	1
CEP55	KIF11	1
CEP55	NDC80	1
CEP55	KIF18A	1
CEP55	PLK4	1
CEP55	SPC25	1
CEP55	SKA1	1
CEP55	MAD2L1	1
CEP55	MELK	1
CEP55	PCLAF	1
CEP55	PLK1	1
CEP55	TPX2	1
CEP55	SHCBP1	1
CEP55	TYMS	1
CEP55	SPAG5	1
CEP55	KIF15	1
CEP55	TACC3	1
CEP55	FOXM1	1
CEP55	UBE2C	1
CEP55	RRM2	1
CEP55	DTL	1
CEP55	NEK2	1
CEP55	KIF14	1
CEP55	MKI67	1
CEP55	TTK	1
CEP55	KIF18B	1
CEP55	MCM10	1
CEP55	TK1	1
CEP55	CKAP2	1
CEP55	ZWINT	1
CEP55	CHEK1	1
CEP55	PTTG1	1
CEP55	PRC1	1
CEP55	ECT2	1
CEP55	HJURP	1
CEP55	HMMR	1
CEP55	TOP2A	1
CEP55	NUSAP1	1
CEP55	KIF2C	1
CEP55	KIF4A	1
CEP55	PBK	1
CEP55	RACGAP1	1
CEP55	KIF20A	1
CHAF1A	MCM5	1
CHAF1A	MCM4	1
CHAF1A	MCM2	1
CHAF1A	MCM3	1
CHAF1A	PCNA	1
CHCHD3	TOMM70	1
CHCHD3	DNM1L	1
CHD7	SMARCC1	1
CHD7	SMARCA4	1
CHD7	PAICS	1
CHEK1	RFC2	1
CHEK1	MCM5	1
CHEK1	ORC6	1
CHEK1	OIP5	1
CHEK1	RAD51AP1	1
CHEK1	FBXO5	1
CHEK1	MSH2	1
CHEK1	MSH6	1
CHEK1	NCAPG	1
CHEK1	ESPL1	1
CHEK1	KIF11	1
CHEK1	TOPBP1	1
CHEK1	MCM4	1
CHEK1	MCM6	1
CHEK1	MCM2	1
CHEK1	NBN	1
CHEK1	DBF4	1
CHEK1	SKP2	1
CHEK1	SPC25	1
CHEK1	MAD2L1	1
CHEK1	MELK	1
CHEK1	FEN1	1
CHEK1	MCM7	1
CHEK1	FANCI	1
CHEK1	PRKDC	1
CHEK1	TYMS	1
CHEK1	CUL1	1
CHEK1	DNA2	1
CHEK1	XRCC6	1
CHEK1	DNMT1	1
CHEK1	RRM2	1
CHEK1	EXO1	1
CHEK1	PARP1	1
CHEK1	DTL	1
CHEK1	NEK2	1
CHEK1	ORC1	1
CHEK1	RAD54L	1
CHEK1	KIF2C	1
CHEK1	ZWINT	1
CHEK1	MDC1	1
CHEK1	PCNA	1
CHEK1	RFC3	1
CHEK1	RAD1	1
CHEK1	CHEK2	1
CHEK1	RFC4	1
CHEK1	YWHAZ	1
CHEK1	PBK	1
CHEK1	POLD1	1
CHEK1	RECQL4	1
CHEK1	RACGAP1	1
CHEK1	MYC	1
CHEK1	SEM1	1
CHEK1	TOP2A	1
CHEK1	H2AX	1
CHEK1	MCM3	1
CHEK1	MCM10	1
CHEK1	RAD51	1
CHEK2	RFC2	1
CHEK2	MCM5	1
CHEK2	MSH2	1
CHEK2	MSH6	1
CHEK2	TOPBP1	1
CHEK2	MCM4	1
CHEK2	NBN	1
CHEK2	DBF4	1
CHEK2	MAD2L1	1
CHEK2	PLK1	1
CHEK2	RRM1	1
CHEK2	PRKDC	1
CHEK2	CUL1	1
CHEK2	DNA2	1
CHEK2	XRCC6	1
CHEK2	EXO1	1
CHEK2	PARP1	1
CHEK2	RAD54L	1
CHEK2	MDC1	1
CHEK2	RAD1	1
CHEK2	MCM3	1
CHEK2	RFC4	1
CHEK2	POLD1	1
CHEK2	RECQL4	1
CHEK2	PIEZO2	1
CHEK2	RAD51	1
CHEK2	H2AX	1
CHERP	SNRPB2	1
CHERP	SNRPA1	1
CHERP	SNRPE	1
CHERP	U2SURP	1
CIAO2B	PPAT	1
CIAO2B	DNA2	1
CIAO2B	POLD1	1
CIDEC	PLIN1	1
CISH	STAT5B	1
CISH	STAT6	1
CISH	SPSB3	1
CISH	ELOC	1
CKAP2	DLGAP5	1
CKAP2	KIF11	1
CKAP2	NDC80	1
CKAP2	KIF15	1
CKAP2	NEK2	1
CKAP2	MKI67	1
CKAP2	TTK	1
CKAP2	KIF2C	1
CKAP2	RACGAP1	1
CKAP2	ECT2	1
CKAP2	HJURP	1
CKAP2	PRC1	1
CKAP2	NUSAP1	1
CKAP2	KIF20A	1
CKAP2	TOP2A	1
CKAP5	DLGAP5	1
CKAP5	ESPL1	1
CKAP5	KIF11	1
CKAP5	NDC80	1
CKAP5	KIF18A	1
CKAP5	MAD2L1	1
CKAP5	PLK1	1
CKAP5	TPX2	1
CKAP5	TACC3	1
CKAP5	KIF2C	1
CKAP5	KIFC1	1
CKS1B	TRIP13	1
CKS1B	GMNN	1
CKS1B	ESPL1	1
CKS1B	SKP2	1
CKS1B	MAD2L1	1
CKS1B	UBE2C	1
CKS1B	PTTG1	1
CKS1B	UBC	1
CKS1B	CKS2	1
CKS1B	CUL1	1
CKS2	GMNN	1
CKS2	DLGAP5	1
CKS2	SKP2	1
CKS2	MAD2L1	1
CKS2	MELK	1
CKS2	CUL1	1
CKS2	UBE2C	1
CKS2	KIF2C	1
CKS2	TOP2A	1
CKS2	HMMR	1
CKS2	NUSAP1	1
CKS2	KPNA2	1
CKS2	PTTG1	1
CLCC1	COX15	1
CLN5	TPP1	1
COG2	VPS54	1
COL18A1	NCL	1
COPS3	DRG1	1
COPS3	ELOC	1
COPS3	CUL1	1
COPS3	COPS5	1
COPS5	PSMD7	1
COPS5	USP14	1
COPS5	SKP2	1
COPS5	CUL1	1
COPS5	PSMD12	1
COPS5	TOP2A	1
COPS5	UBC	1
COPS5	UCHL5	1
COPS5	STAMBP	1
COPS5	NAE1	1
COPS5	TXN	1
COPS5	DTL	1
COPS5	ELOC	1
COX15	COX7A2	1
COX15	COX7B	1
COX15	LRPPRC	1
COX15	COX5A	1
COX5A	NDUFA9	1
COX5A	CYCS	1
COX5A	NDUFA6	1
COX5A	COX7A2	1
COX5A	COX7B	1
COX7A2	TMEM258	1
COX7A2	NDUFA6	1
COX7A2	COX7B	1
COX7B	NDUFA9	1
COX7B	CYCS	1
COX7B	NDUFA6	1
CPA3	TPSB2	1
CPA3	TPSAB1	1
CPSF6	TARDBP	1
CPSF6	DDX39A	1
CPSF6	SRSF1	1
CPSF6	TNPO3	1
CPSF6	KHSRP	1
CPSF6	ELAVL1	1
CPSF6	SRSF7	1
CPSF6	NUP153	1
CPSF6	SFPQ	1
CPSF6	SRSF3	1
CREB3L1	MAPK1	1
CSE1L	IPO5	1
CSE1L	RANBP1	1
CSE1L	XPOT	1
CSE1L	RAN	1
CSE1L	KPNA2	1
CSE1L	XPO1	1
CSNK2A2	MAPK1	1
CSNK2A2	SSRP1	1
CSNK2A2	RYBP	1
CTDSP1	CTDSP2	1
CTPS1	UMPS	1
CTPS1	NUDT15	1
CTPS1	PPAT	1
CTPS1	TYMS	1
CTPS1	EPRS1	1
CTPS1	GART	1
CTPS1	GMPS	1
CTPS1	TK1	1
CUL1	PSMA2	1
CUL1	NFKB1	1
CUL1	FBXO5	1
CUL1	UBE2S	1
CUL1	SKP2	1
CUL1	PLK1	1
CUL1	NAE1	1
CUL1	FBXO28	1
CUL1	MYC	1
CUL1	UBC	1
CUL1	ELOC	1
CYCS	MAPK1	1
CYCS	PPIF	1
CYCS	FDX1	1
CYCS	MOCOS	1
CYCS	TXN	1
CYCS	PHB2	1
CYCS	HSPD1	1
CYCS	DNM1L	1
CYCS	PARP1	1
CYCS	VDAC3	1
CYCS	VDAC2	1
CYP39A1	SQLE	1
DAP3	MRPL15	1
DAP3	MTIF2	1
DAP3	MRPL3	1
DAP3	MRPS17	1
DAP3	MRPL39	1
DAP3	MRPL13	1
DAP3	PSMG1	1
DAP3	DROSHA	1
DAP3	MRPL9	1
DAZAP1	KHSRP	1
DBF4	MCM5	1
DBF4	ORC6	1
DBF4	TOPBP1	1
DBF4	MCM4	1
DBF4	MCM6	1
DBF4	MCM2	1
DBF4	GINS3	1
DBF4	PLK1	1
DBF4	GINS4	1
DBF4	ORC1	1
DBF4	MCM10	1
DBF4	MCM7	1
DBF4	MCM3	1
DBN1	HOMER1	1
DCLRE1B	FANCI	1
DCLRE1B	PRKDC	1
DCLRE1B	EXO1	1
DDX18	ESF1	1
DDX18	RBM28	1
DDX18	PUS1	1
DDX18	PUS7	1
DDX18	PAK1IP1	1
DDX18	RRS1	1
DDX18	RRP15	1
DDX18	DDX21	1
DDX18	GMPS	1
DDX18	WDR43	1
DDX18	RRP1B	1
DDX18	GNL2	1
DDX18	GNL3L	1
DDX18	NOP2	1
DDX18	NOC3L	1
DDX18	GTPBP4	1
DDX21	SSRP1	1
DDX21	RRS1	1
DDX21	RRP1B	1
DDX21	KPNA2	1
DDX21	WDR43	1
DDX21	NOP2	1
DDX21	GTPBP4	1
DDX39A	NXT1	1
DGUOK	TYMS	1
DGUOK	TK1	1
DHCR7	SQLE	1
DHCR7	SIGMAR1	1
DHCR7	HMGCS1	1
DHCR7	FDPS	1
DHTKD1	DLAT	1
DLAT	TXNRD1	1
DLAT	HMGCS1	1
DLGAP5	TRIP13	1
DLGAP5	OIP5	1
DLGAP5	RAD51AP1	1
DLGAP5	FBXO5	1
DLGAP5	NCAPH	1
DLGAP5	KPNA2	1
DLGAP5	PIMREG	1
DLGAP5	SMC4	1
DLGAP5	SHCBP1	1
DLGAP5	RAN	1
DLGAP5	MCM10	1
DLGAP5	DTL	1
DLGAP5	NCAPD2	1
DLGAP5	KNTC1	1
DLGAP5	TROAP	1
DLGAP5	EXO1	1
DLGAP5	E2F8	1
DLGAP5	SMC2	1
DLGAP5	PLK1	1
DLGAP5	SKA1	1
DLGAP5	TK1	1
DLGAP5	KIF18B	1
DLGAP5	ESPL1	1
DLGAP5	TACC3	1
DLGAP5	SPC25	1
DLGAP5	ECT2	1
DLGAP5	FOXM1	1
DLGAP5	PCLAF	1
DLGAP5	PRC1	1
DLGAP5	MKI67	1
DLGAP5	MAD2L1	1
DLGAP5	PTTG1	1
DLGAP5	KIFC1	1
DLGAP5	ZWINT	1
DLGAP5	SPAG5	1
DLGAP5	KIF14	1
DLGAP5	RACGAP1	1
DLGAP5	KIF15	1
DLGAP5	KIF18A	1
DLGAP5	HJURP	1
DLGAP5	NCAPG	1
DLGAP5	RRM2	1
DLGAP5	KIF23	1
DLGAP5	NDC80	1
DLGAP5	KIF4A	1
DLGAP5	NEK2	1
DLGAP5	NUSAP1	1
DLGAP5	UBE2C	1
DLGAP5	KIF20A	1
DLGAP5	KIF2C	1
DLGAP5	TTK	1
DLGAP5	TPX2	1
DLGAP5	TOP2A	1
DLGAP5	PBK	1
DLGAP5	MELK	1
DLGAP5	KIF11	1
DLGAP5	HMMR	1
DNA2	RFC2	1
DNA2	POLE2	1
DNA2	RAD51AP1	1
DNA2	TOPBP1	1
DNA2	NBN	1
DNA2	POLA2	1
DNA2	FEN1	1
DNA2	RAD54B	1
DNA2	MDC1	1
DNA2	SSBP1	1
DNA2	RFC3	1
DNA2	PRIM2	1
DNA2	RFC4	1
DNA2	MCM10	1
DNA2	XRCC6	1
DNA2	POLD1	1
DNA2	RECQL4	1
DNA2	RAD51	1
DNA2	EXO1	1
DNAJA1	HSPE1	1
DNAJA1	HSPA4L	1
DNAJA1	HSPD1	1
DNAJA1	HSPA14	1
DNAJA1	HSPH1	1
DNAJB6	MLF2	1
DNAJB6	MLF1	1
DNAJB6	HSPH1	1
DNAJB6	HSPA4L	1
DNAJB6	HSPA14	1
DNAJC2	EIF2S1	1
DNAJC2	HSPA4L	1
DNAJC2	ZC3H15	1
DNAJC2	HSPA14	1
DNAJC9	SDF2	1
DNAJC9	MCM2	1
DNAJC9	PSMG2	1
DNAJC9	PSMG1	1
DNAJC9	HSPA14	1
DNMT1	MSH2	1
DNMT1	MSH6	1
DNMT1	H2AZ1	1
DNMT1	SAP30	1
DNMT1	EZH2	1
DNMT1	DNMT3B	1
DNMT1	EED	1
DNMT1	SMARCA4	1
DNMT1	MCM3	1
DNMT1	HELLS	1
DNMT1	TDG	1
DNMT1	MYC	1
DNMT1	H2AX	1
DNMT1	UBC	1
DNMT1	PARP1	1
DNMT1	PCNA	1
DNMT1	HDAC2	1
DNMT3B	MIS18A	1
DNMT3B	H2AZ1	1
DNMT3B	EZH2	1
DNMT3B	MYC	1
DNMT3B	H2AX	1
DNMT3B	TDG	1
DNMT3B	EED	1
DNMT3B	HELLS	1
DNMT3B	MAFG	1
DNMT3B	HDAC2	1
DONSON	MCM2	1
DONSON	POLA2	1
DONSON	ORC1	1
DONSON	PCNA	1
DONSON	MCM3	1
DONSON	POLD1	1
DONSON	GART	1
DONSON	PRIM2	1
DRG1	POLE2	1
DRG1	PSMC2	1
DRG1	ZC3H15	1
DROSHA	TARDBP	1
DROSHA	RPP25	1
DROSHA	KHSRP	1
DROSHA	POP4	1
DSCC1	RFC2	1
DSCC1	RAD51AP1	1
DSCC1	MCM4	1
DSCC1	POLA2	1
DSCC1	RAD21	1
DSCC1	EXO1	1
DSCC1	PRIM2	1
DSCC1	POLD1	1
DSCC1	RFC4	1
DSCC1	RFC3	1
DSG2	TGFB3	1
DSG2	TMPO	1
DTL	POLE2	1
DTL	E2F8	1
DTL	NCAPG	1
DTL	KIF11	1
DTL	MCM4	1
DTL	MCM2	1
DTL	SPC25	1
DTL	MELK	1
DTL	PCLAF	1
DTL	FEN1	1
DTL	TYMS	1
DTL	KIF15	1
DTL	USP1	1
DTL	RRM2	1
DTL	EXO1	1
DTL	RAD51	1
DTL	KIF4A	1
DTL	RFC4	1
DTL	RFC3	1
DTL	TTK	1
DTL	PRIM2	1
DTL	ZWINT	1
DTL	TOP2A	1
DTL	NUSAP1	1
DTL	ORC1	1
DTL	PBK	1
DTL	MCM10	1
DTL	PCNA	1
DUSP2	MAPK1	1
E2F5	MYBL2	1
E2F5	MYC	1
E2F8	TK1	1
E2F8	KIF20A	1
E2F8	SPAG5	1
E2F8	MELK	1
E2F8	NEK2	1
E2F8	ZWINT	1
E2F8	MCM10	1
E2F8	FOXM1	1
E2F8	HJURP	1
E2F8	KIF2C	1
E2F8	MKI67	1
E2F8	TTK	1
E2F8	KIF15	1
E2F8	RRM2	1
E2F8	TOP2A	1
E2F8	KIF11	1
ECT2	NCAPG	1
ECT2	KIF23	1
ECT2	KIF11	1
ECT2	KIF18A	1
ECT2	PLK4	1
ECT2	PRKCI	1
ECT2	MAD2L1	1
ECT2	MELK	1
ECT2	PLK1	1
ECT2	TPX2	1
ECT2	FANCI	1
ECT2	TACC3	1
ECT2	SMC4	1
ECT2	NEK2	1
ECT2	KIF14	1
ECT2	TTK	1
ECT2	KIF2C	1
ECT2	KIF4A	1
ECT2	RFC4	1
ECT2	NUSAP1	1
ECT2	HMMR	1
ECT2	TOP2A	1
ECT2	PRC1	1
ECT2	PBK	1
ECT2	KIF20A	1
ECT2	RACGAP1	1
EDEM1	OS9	1
EDEM1	SEL1L	1
EED	EZH2	1
EED	RYBP	1
EED	PHF1	1
EED	HDAC2	1
EED	EZH1	1
EIF2S1	PSMD12	1
EIF2S1	PSMC2	1
EIF2S1	G3BP1	1
EIF2S1	PSMA5	1
EIF2S1	RSRC1	1
EIF2S1	EIF2S2	1
EIF2S2	EPRS1	1
EIF2S2	RSRC1	1
EIF4E2	TARS1	1
ELAVL1	TARDBP	1
ELAVL1	SRSF1	1
ELAVL1	NCL	1
ELAVL1	SRSF7	1
ELAVL1	FOXM1	1
ELAVL1	SFPQ	1
ELAVL1	ILF2	1
ELAVL1	SET	1
ELAVL1	SRSF3	1
ELAVL1	G3BP1	1
ELAVL1	KHSRP	1
ELAVL1	XPO1	1
ELAVL1	SNRPG	1
ELAVL1	SNRPE	1
ELAVL1	YTHDF2	1
ELAVL1	HNRNPAB	1
ELAVL1	SSB	1
ELOC	MCM5	1
ELOC	POLE2	1
ELOC	MCM4	1
ELOC	GINS1	1
ELOC	MCM6	1
ELOC	MCM2	1
ELOC	SKP2	1
ELOC	GINS4	1
ELOC	VBP1	1
ELOC	MCM7	1
ELOC	SMARCA4	1
ELOC	GINS3	1
ELOC	UBC	1
ELOC	SPSB3	1
ELOC	RAB40B	1
ELOC	MCM3	1
EMC2	EMC8	1
EMG1	ESF1	1
EMG1	RBM28	1
EMG1	EXOSC2	1
EMG1	UTP11	1
EMG1	WDR43	1
EMG1	UTP25	1
ENAH	PFN2	1
ENY2	MAD2L1	1
ENY2	SF3B3	1
ENY2	SUPT7L	1
ENY2	TRRAP	1
ENY2	SF3B5	1
ENY2	TAF5	1
ENY2	POLE3	1
ENY2	TAF2	1
ENY2	UBC	1
ENY2	NUP153	1
ENY2	SEM1	1
ENY2	PCID2	1
EPCAM	MSH2	1
EPCAM	MSH6	1
EPRS1	NARS1	1
EPRS1	MTIF2	1
EPRS1	MRPL3	1
EPRS1	TNPO3	1
EPRS1	MRPL13	1
EPRS1	YARS2	1
EPRS1	GTPBP4	1
EPRS1	RSRC1	1
EPRS1	GART	1
EPRS1	GMPS	1
EPRS1	TARS1	1
EPRS1	IARS1	1
ERCC6L	NCAPH	1
ERCC6L	NCAPG	1
ERCC6L	ESPL1	1
ERCC6L	SKA1	1
ERCC6L	MAD2L1	1
ERCC6L	PLK1	1
ERCC6L	KIF4A	1
ERCC6L	TOP2A	1
ERCC6L	MCM10	1
ERCC6L	TTK	1
ERCC6L	EXO1	1
ERGIC2	SEL1L	1
ESF1	GAR1	1
ESF1	PAK1IP1	1
ESF1	RRP1B	1
ESF1	GNL3L	1
ESF1	NOP2	1
ESF1	UTP25	1
ESF1	RRP15	1
ESF1	RRS1	1
ESF1	NOC3L	1
ESF1	UTP11	1
ESF1	GNL2	1
ESF1	WDR43	1
ESF1	RBM28	1
ESF1	GTPBP4	1
ESPL1	NCAPH	1
ESPL1	NCAPG	1
ESPL1	TROAP	1
ESPL1	NUSAP1	1
ESPL1	SMC4	1
ESPL1	PRC1	1
ESPL1	MCM10	1
ESPL1	NCAPD2	1
ESPL1	PPP2R5A	1
ESPL1	NCAPG2	1
ESPL1	UBE2S	1
ESPL1	KIF18A	1
ESPL1	EXO1	1
ESPL1	KIF15	1
ESPL1	SPC25	1
ESPL1	KIF23	1
ESPL1	KIF4A	1
ESPL1	TPX2	1
ESPL1	KIFC1	1
ESPL1	SKA1	1
ESPL1	HJURP	1
ESPL1	ZWINT	1
ESPL1	KIF18B	1
ESPL1	NEK2	1
ESPL1	MKI67	1
ESPL1	KNTC1	1
ESPL1	ZWILCH	1
ESPL1	KIF20A	1
ESPL1	PLK4	1
ESPL1	TOP2A	1
ESPL1	SPAG5	1
ESPL1	FOXM1	1
ESPL1	NDC80	1
ESPL1	UBE2C	1
ESPL1	KIF2C	1
ESPL1	MAD2L1	1
ESPL1	TTK	1
ESPL1	KIF11	1
ESPL1	SMC1A	1
ESPL1	PLK1	1
ESPL1	RAD21	1
ESPL1	PTTG1	1
ETHE1	LRPPRC	1
EXO1	RFC2	1
EXO1	TRIP13	1
EXO1	MCM5	1
EXO1	POLE2	1
EXO1	RNASEH2A	1
EXO1	RAD51AP1	1
EXO1	MSH2	1
EXO1	MSH6	1
EXO1	NCAPH	1
EXO1	UNG	1
EXO1	NCAPG	1
EXO1	KIF11	1
EXO1	TOPBP1	1
EXO1	NDC80	1
EXO1	MCM4	1
EXO1	MCM6	1
EXO1	MCM2	1
EXO1	NBN	1
EXO1	POLA2	1
EXO1	PLK4	1
EXO1	SMC2	1
EXO1	MAD2L1	1
EXO1	MELK	1
EXO1	PLK1	1
EXO1	TPX2	1
EXO1	FEN1	1
EXO1	MCM7	1
EXO1	HLTF	1
EXO1	FANCI	1
EXO1	PRKDC	1
EXO1	TYMS	1
EXO1	KIF15	1
EXO1	KNTC1	1
EXO1	RAD54B	1
EXO1	SMC4	1
EXO1	FOXM1	1
EXO1	XRCC6	1
EXO1	RRM2	1
EXO1	KIF14	1
EXO1	ZWINT	1
EXO1	RAD1	1
EXO1	MCM3	1
EXO1	NUSAP1	1
EXO1	HJURP	1
EXO1	KIF2C	1
EXO1	H2AX	1
EXO1	PBK	1
EXO1	HELLS	1
EXO1	PRIM2	1
EXO1	PARP1	1
EXO1	TOP2A	1
EXO1	MDC1	1
EXO1	RAD54L	1
EXO1	TTK	1
EXO1	RFC3	1
EXO1	ORC1	1
EXO1	POLD1	1
EXO1	MCM10	1
EXO1	RFC4	1
EXO1	PCNA	1
EXO1	RECQL4	1
EXO1	RAD51	1
EXOSC2	UTP11	1
EXOSC2	KHSRP	1
EXOSC2	WDR43	1
EZH1	EZH2	1
EZH1	PHF1	1
EZH1	HDAC2	1
EZH2	SOX4	1
EZH2	STAT5B	1
EZH2	H2AZ1	1
EZH2	MELK	1
EZH2	FOXM1	1
EZH2	PRMT1	1
EZH2	NRAS	1
EZH2	H2AX	1
EZH2	ZBTB16	1
EZH2	SMARCA4	1
EZH2	MYC	1
EZH2	PHF1	1
EZH2	HDAC2	1
FAM111A	TBCE	1
FAM98A	G3BP1	1
FANCG	FANCI	1
FANCG	USP1	1
FANCG	RAD51	1
FANCG	FANCL	1
FANCI	MSH2	1
FANCI	MSH6	1
FANCI	NCAPG	1
FANCI	KIF11	1
FANCI	TOPBP1	1
FANCI	PLK4	1
FANCI	TPX2	1
FANCI	MCM7	1
FANCI	MDC1	1
FANCI	RECQL4	1
FANCI	TOP2A	1
FANCI	MCM10	1
FANCI	RACGAP1	1
FANCI	RFWD3	1
FANCI	POLD1	1
FANCI	PRKDC	1
FANCI	RAD54L	1
FANCI	XRCC6	1
FANCI	NCAPG2	1
FANCI	NUSAP1	1
FANCI	RAD51	1
FANCI	UBC	1
FANCI	USP1	1
FANCI	FANCL	1
FANCL	USP1	1
FANCL	RAD51	1
FBXO5	UBE2C	1
FBXO5	RRM2	1
FBXO5	NUSAP1	1
FBXO5	PTTG1	1
FBXO5	TK1	1
FBXO5	KIF11	1
FBXO5	PLK4	1
FBXO5	MAD2L1	1
FBXO5	GMNN	1
FBXO5	PLK1	1
FDPS	SQLE	1
FDPS	HMGCS1	1
FDPS	HMGA1	1
FDPS	PDSS1	1
FDX1	ISCU	1
FEN1	RFC2	1
FEN1	MCM5	1
FEN1	POLE2	1
FEN1	PSMD7	1
FEN1	RNASEH2A	1
FEN1	MSH2	1
FEN1	MSH6	1
FEN1	UNG	1
FEN1	MCM4	1
FEN1	MCM6	1
FEN1	MCM2	1
FEN1	NBN	1
FEN1	POLA2	1
FEN1	XPC	1
FEN1	TPX2	1
FEN1	RRM1	1
FEN1	ORC1	1
FEN1	RAD54B	1
FEN1	RRM2	1
FEN1	PRKDC	1
FEN1	RAD54L	1
FEN1	TDG	1
FEN1	PRIM2	1
FEN1	POLE3	1
FEN1	TOP2A	1
FEN1	TYMS	1
FEN1	KPNA2	1
FEN1	RAD1	1
FEN1	XRCC6	1
FEN1	MCM10	1
FEN1	MCM7	1
FEN1	PARP1	1
FEN1	RFC3	1
FEN1	RAD51	1
FEN1	RFC4	1
FEN1	MCM3	1
FEN1	RECQL4	1
FEN1	POLD1	1
FEN1	PCNA	1
FMOD	TGFB3	1
FOXM1	TRIP13	1
FOXM1	MCM5	1
FOXM1	MYBL2	1
FOXM1	RAD51AP1	1
FOXM1	NCAPG	1
FOXM1	TROAP	1
FOXM1	KIF23	1
FOXM1	KIF11	1
FOXM1	MAD2L1	1
FOXM1	MELK	1
FOXM1	PLK1	1
FOXM1	TPX2	1
FOXM1	SPAG5	1
FOXM1	KIF15	1
FOXM1	NCAPG2	1
FOXM1	PTTG1	1
FOXM1	SMARCA4	1
FOXM1	KIFC1	1
FOXM1	KIF14	1
FOXM1	MYC	1
FOXM1	TTK	1
FOXM1	NUSAP1	1
FOXM1	NEK2	1
FOXM1	HMMR	1
FOXM1	TK1	1
FOXM1	KIF18B	1
FOXM1	RRM2	1
FOXM1	MCM10	1
FOXM1	PBK	1
FOXM1	PRC1	1
FOXM1	KIF2C	1
FOXM1	UBE2C	1
FOXM1	KIF4A	1
FOXM1	MKI67	1
FOXM1	HJURP	1
FOXM1	TOP2A	1
FOXM1	KIF20A	1
FSTL3	INHBB	1
FZD6	VANGL1	1
FZD6	RYK	1
G3BP1	TARDBP	1
G3BP1	YTHDF2	1
G3BP1	MYC	1
G3BP1	PRMT1	1
GABARAP	RB1CC1	1
GALC	SMPD1	1
GAR1	RBM28	1
GAR1	RSRC1	1
GAR1	RRS1	1
GAR1	WDR43	1
GAR1	RPP25	1
GAR1	GMPS	1
GAR1	SNRPE	1
GAR1	GNL3L	1
GAR1	NOLC1	1
GART	UMPS	1
GART	PPAT	1
GART	TYMS	1
GART	PRPS2	1
GART	GMPS	1
GART	MTHFD2	1
GART	MTHFD1	1
GART	PAICS	1
GCLM	TXNRD1	1
GGH	TYMS	1
GINS1	MCM5	1
GINS1	POLE2	1
GINS1	TOPBP1	1
GINS1	MCM4	1
GINS1	UBE2C	1
GINS1	NCAPG2	1
GINS1	RFC3	1
GINS1	RRM2	1
GINS1	ZWINT	1
GINS1	RFC4	1
GINS1	MCM10	1
GINS1	MCM6	1
GINS1	GINS3	1
GINS1	MCM3	1
GINS1	MCM2	1
GINS1	MCM7	1
GINS1	GINS4	1
GINS3	MCM5	1
GINS3	POLE2	1
GINS3	TOPBP1	1
GINS3	MCM4	1
GINS3	MCM6	1
GINS3	MCM2	1
GINS3	GINS4	1
GINS3	SSRP1	1
GINS3	MCM7	1
GINS3	MCM10	1
GINS3	MCM3	1
GINS4	MCM5	1
GINS4	POLE2	1
GINS4	TOPBP1	1
GINS4	MCM4	1
GINS4	MCM6	1
GINS4	MCM2	1
GINS4	POLA2	1
GINS4	SSRP1	1
GINS4	POLD1	1
GINS4	RECQL4	1
GINS4	MCM10	1
GINS4	MCM3	1
GINS4	MCM7	1
GLRX2	RRM1	1
GLRX2	TXNRD1	1
GLRX2	TXN	1
GMNN	MCM5	1
GMNN	ORC6	1
GMNN	MCM7	1
GMNN	ORC1	1
GMNN	MCM2	1
GMNN	MCM10	1
GMNN	MCM4	1
GMNN	MCM3	1
GMNN	MCM6	1
GMPS	UMPS	1
GMPS	PPAT	1
GMPS	HPRT1	1
GMPS	RRM1	1
GMPS	GTPBP4	1
GMPS	GNL3L	1
GMPS	POLR2B	1
GMPS	MTHFD2	1
GMPS	PAICS	1
GMPS	MTHFD1	1
GNG12	MAPK1	1
GNG12	NRAS	1
GNL2	RBM28	1
GNL2	RRS1	1
GNL2	RRP1B	1
GNL2	GTPBP4	1
GNL2	GNL3L	1
GNL2	TFB2M	1
GNL2	RRP15	1
GNL2	NOC3L	1
GNL2	NOLC1	1
GNL2	WDR43	1
GNL2	PAK1IP1	1
GNL2	NOP2	1
GNL3L	RBM28	1
GNL3L	RRS1	1
GNL3L	RRP1B	1
GNL3L	GTPBP4	1
GNL3L	NOLC1	1
GNL3L	SNRPE	1
GNL3L	RRP15	1
GNL3L	WDR43	1
GNL3L	NOP2	1
GNL3L	NOC3L	1
GOLT1B	INTS13	1
GOLT1B	UMPS	1
GPN1	MED17	1
GPN1	POLR2D	1
GPN1	POLR2F	1
GPN1	POLR2B	1
GPSM2	PARD3	1
GRSF1	LRPPRC	1
GRSF1	MTPAP	1
GSTM1	GSTM2	1
GTPBP4	RBM28	1
GTPBP4	MRPL3	1
GTPBP4	RRS1	1
GTPBP4	RRP1B	1
GTPBP4	TFB2M	1
GTPBP4	NOLC1	1
GTPBP4	PUS7	1
GTPBP4	UTP11	1
GTPBP4	RPL39L	1
GTPBP4	PAK1IP1	1
GTPBP4	WDR43	1
GTPBP4	RRP15	1
GTPBP4	NOP2	1
GTPBP4	NOC3L	1
H2AX	MSH2	1
H2AX	MSH6	1
H2AX	NBN	1
H2AX	SSRP1	1
H2AX	H2AZ1	1
H2AX	PLK1	1
H2AX	PRKDC	1
H2AX	SMC1A	1
H2AX	SMARCA4	1
H2AX	XRCC6	1
H2AX	TRRAP	1
H2AX	PARP1	1
H2AX	MDC1	1
H2AX	PRMT1	1
H2AX	HDAC2	1
H2AX	MYC	1
H2AX	UBC	1
H2AX	RAD51	1
H2AZ1	MSH6	1
H2AZ1	MED17	1
H2AZ1	SMARCC1	1
H2AZ1	POLR2D	1
H2AZ1	SSRP1	1
H2AZ1	SMC2	1
H2AZ1	SET	1
H2AZ1	SMC4	1
H2AZ1	RAD21	1
H2AZ1	XRCC6	1
H2AZ1	RAN	1
H2AZ1	KPNA2	1
H2AZ1	TAF11	1
H2AZ1	PCNA	1
H2AZ1	MYC	1
H2AZ1	SMARCA4	1
H2AZ1	TAF2	1
H2AZ1	TAF5	1
H2AZ1	POLR2F	1
H2AZ1	MRGBP	1
H2AZ1	POLR2B	1
H2AZ1	POLR2K	1
H2AZ1	HDAC2	1
H2AZ1	TRRAP	1
H2AZ2	HDAC2	1
H2AZ2	TRRAP	1
H2AZ2	PCNA	1
HDAC2	NFKB1	1
HDAC2	SAP30	1
HDAC2	RERE	1
HDAC2	SMARCA4	1
HDAC2	PARP1	1
HDAC2	HELLS	1
HDAC2	RXRA	1
HDAC2	MYC	1
HELLS	KIF11	1
HELLS	MCM4	1
HELLS	MCM3	1
HELLS	TOP2A	1
HELLS	RAD51	1
HJURP	TRIP13	1
HJURP	OIP5	1
HJURP	PIMREG	1
HJURP	NCAPG	1
HJURP	TROAP	1
HJURP	KIF23	1
HJURP	KIF11	1
HJURP	NDC80	1
HJURP	KIF18A	1
HJURP	PLK4	1
HJURP	SKA1	1
HJURP	MIS18A	1
HJURP	MELK	1
HJURP	PCLAF	1
HJURP	PLK1	1
HJURP	TPX2	1
HJURP	SPAG5	1
HJURP	KIF15	1
HJURP	UBE2C	1
HJURP	RRM2	1
HJURP	NEK2	1
HJURP	KIF14	1
HJURP	MKI67	1
HJURP	TTK	1
HJURP	KIF2C	1
HJURP	ZWINT	1
HJURP	KIF4A	1
HJURP	HMMR	1
HJURP	PTTG1	1
HJURP	PRC1	1
HJURP	KIF20A	1
HJURP	KIFC1	1
HJURP	RACGAP1	1
HJURP	TOP2A	1
HJURP	TK1	1
HJURP	KIF18B	1
HJURP	PBK	1
HJURP	NUSAP1	1
HLTF	SMARCA4	1
HLTF	RAD51	1
HLTF	PCNA	1
HLTF	UBE2V2	1
HMGB2	SET	1
HMGB2	NCL	1
HMGCS1	SQLE	1
HMGCS1	NFYA	1
HMMR	TRIP13	1
HMMR	OIP5	1
HMMR	RAD51AP1	1
HMMR	NCAPG	1
HMMR	KIF23	1
HMMR	KIF11	1
HMMR	NDC80	1
HMMR	PLK4	1
HMMR	SPC25	1
HMMR	MAD2L1	1
HMMR	MELK	1
HMMR	PCLAF	1
HMMR	TPX2	1
HMMR	SPAG5	1
HMMR	KIF15	1
HMMR	SMC4	1
HMMR	UBE2C	1
HMMR	RRM2	1
HMMR	NEK2	1
HMMR	KIF14	1
HMMR	MKI67	1
HMMR	TTK	1
HMMR	KIF2C	1
HMMR	ZWINT	1
HMMR	KIF4A	1
HMMR	NCAPG2	1
HMMR	MCM10	1
HMMR	PARPBP	1
HMMR	RACGAP1	1
HMMR	PRC1	1
HMMR	PTTG1	1
HMMR	PBK	1
HMMR	NUSAP1	1
HMMR	TOP2A	1
HMMR	KIF20A	1
HNRNPAB	SRSF1	1
HNRNPAB	KHSRP	1
HNRNPUL1	NXT1	1
HPRT1	PPAT	1
HPRT1	PGK1	1
HPRT1	RRM1	1
HSPA14	HSPE1	1
HSPA4L	HSPE1	1
HSPA4L	HSPH1	1
HSPD1	HSPE1	1
HSPD1	ISCU	1
HSPD1	TIMM17A	1
HSPD1	PGK1	1
HSPD1	RAD51	1
HSPD1	HSPH1	1
HSPE1	TPI1	1
HSPE1	TXN	1
HSPE1	HSPH1	1
HTATSF1	SNRPB2	1
HTATSF1	SNRPA1	1
HTATSF1	SNRPD1	1
HTATSF1	SF3B3	1
HTATSF1	RBM5	1
HTATSF1	SF3B5	1
HTATSF1	SNRPG	1
HTATSF1	SNRPE	1
IARS1	NARS1	1
IARS1	YARS2	1
IARS1	TARS1	1
IL13RA1	STAT6	1
ILF2	TARDBP	1
ILF2	SRSF1	1
ILF2	NCL	1
ILF2	XRCC6	1
ILF2	SNRPE	1
ILF2	KHSRP	1
ILF2	RAN	1
ILF2	SSB	1
ILF2	SRSF3	1
ILK	MAPK1	1
ILK	PIK3R1	1
IMPA2	IMPAD1	1
INHBB	TGFB3	1
INTS13	INTS8	1
INTS8	POLR2D	1
INTS8	POLR2K	1
INTS8	POLR2B	1
INTS8	POLR2F	1
IPO5	KPNA2	1
IPO5	IPO9	1
IPO5	XPO1	1
IPO5	RAN	1
IPO9	TNPO3	1
IPO9	SF3B3	1
IPO9	XPOT	1
IPO9	RAN	1
IPO9	XPO1	1
IPO9	TNPO2	1
ISCU	MOCOS	1
ITGA2	MMP1	1
ITGA2	PIK3R1	1
KHSRP	TARDBP	1
KHSRP	SFPQ	1
KHSRP	SRSF3	1
KHSRP	YWHAZ	1
KIF11	TRIP13	1
KIF11	MCM5	1
KIF11	OIP5	1
KIF11	RAD51AP1	1
KIF11	NCAPH	1
KIF11	NCAPG	1
KIF11	KIF23	1
KIF11	TYMS	1
KIF11	MCM7	1
KIF11	TK1	1
KIF11	KIF2A	1
KIF11	RRM1	1
KIF11	SPC25	1
KIF11	SKA1	1
KIF11	MCM6	1
KIF11	MCM3	1
KIF11	MCM2	1
KIF11	NCAPG2	1
KIF11	TACC3	1
KIF11	ZWILCH	1
KIF11	PCLAF	1
KIF11	STIL	1
KIF11	PTTG1	1
KIF11	NCAPD2	1
KIF11	SHCBP1	1
KIF11	KIF18B	1
KIF11	MCM4	1
KIF11	MCM10	1
KIF11	PLK4	1
KIF11	KNTC1	1
KIF11	UBE2C	1
KIF11	PLK1	1
KIF11	SMC4	1
KIF11	ZWINT	1
KIF11	KIF14	1
KIF11	MKI67	1
KIF11	MELK	1
KIF11	RRM2	1
KIF11	KIF4A	1
KIF11	SPAG5	1
KIF11	PBK	1
KIF11	NEK2	1
KIF11	KIFC1	1
KIF11	TPX2	1
KIF11	SMC2	1
KIF11	KIF2C	1
KIF11	KIF18A	1
KIF11	NDC80	1
KIF11	PRC1	1
KIF11	MAD2L1	1
KIF11	NUSAP1	1
KIF11	TOP2A	1
KIF11	RACGAP1	1
KIF11	KIF20A	1
KIF11	KIF15	1
KIF11	TTK	1
KIF13B	KIF23	1
KIF14	TRIP13	1
KIF14	MYBL2	1
KIF14	NCAPH	1
KIF14	NCAPG	1
KIF14	KIF23	1
KIF14	NDC80	1
KIF14	KIF18A	1
KIF14	PLK4	1
KIF14	SKA1	1
KIF14	MELK	1
KIF14	TPX2	1
KIF14	SHCBP1	1
KIF14	SPAG5	1
KIF14	KIF15	1
KIF14	SMC4	1
KIF14	NEK2	1
KIF14	MCM10	1
KIF14	KIF18B	1
KIF14	KIF2A	1
KIF14	STIL	1
KIF14	PBK	1
KIF14	KIFC1	1
KIF14	RACGAP1	1
KIF14	MKI67	1
KIF14	NUSAP1	1
KIF14	KIF2C	1
KIF14	TTK	1
KIF14	KIF4A	1
KIF14	TOP2A	1
KIF14	KIF20A	1
KIF14	PRC1	1
KIF15	OIP5	1
KIF15	RAD51AP1	1
KIF15	NCAPH	1
KIF15	NCAPG	1
KIF15	TROAP	1
KIF15	KIF23	1
KIF15	NDC80	1
KIF15	KIF18A	1
KIF15	PLK4	1
KIF15	SPC25	1
KIF15	SMC2	1
KIF15	MELK	1
KIF15	PCLAF	1
KIF15	TPX2	1
KIF15	SPAG5	1
KIF15	RAD54L	1
KIF15	KIF2A	1
KIF15	KNTC1	1
KIF15	PTTG1	1
KIF15	PRC1	1
KIF15	ZWINT	1
KIF15	RACGAP1	1
KIF15	MCM10	1
KIF15	NEK2	1
KIF15	UBE2C	1
KIF15	NCAPD2	1
KIF15	SMC4	1
KIF15	KIFC1	1
KIF15	PBK	1
KIF15	KIF18B	1
KIF15	KIF4A	1
KIF15	NUSAP1	1
KIF15	MKI67	1
KIF15	KIF20A	1
KIF15	KIF2C	1
KIF15	TOP2A	1
KIF15	TTK	1
KIF18A	NCAPG	1
KIF18A	KIF23	1
KIF18A	NDC80	1
KIF18A	SHCBP1	1
KIF18A	SPC25	1
KIF18A	ZWILCH	1
KIF18A	TPX2	1
KIF18A	NUSAP1	1
KIF18A	PARPBP	1
KIF18A	PLK4	1
KIF18A	SMC4	1
KIF18A	PBK	1
KIF18A	KIF18B	1
KIF18A	RACGAP1	1
KIF18A	KIF4A	1
KIF18A	SKA1	1
KIF18A	PRC1	1
KIF18A	NEK2	1
KIF18A	KIF2A	1
KIF18A	KIFC1	1
KIF18A	KIF20A	1
KIF18A	MAD2L1	1
KIF18A	TTK	1
KIF18A	PLK1	1
KIF18A	KIF2C	1
KIF18B	NCAPH	1
KIF18B	TROAP	1
KIF18B	KIF23	1
KIF18B	SPAG5	1
KIF18B	UBE2C	1
KIF18B	MKI67	1
KIF18B	KIF2C	1
KIF18B	KIF4A	1
KIF18B	KIF20A	1
KIF18B	KIF2A	1
KIF18B	KIFC1	1
KIF18B	RACGAP1	1
KIF20A	TRIP13	1
KIF20A	MCM5	1
KIF20A	POLE2	1
KIF20A	OIP5	1
KIF20A	RAD51AP1	1
KIF20A	NCAPH	1
KIF20A	PIMREG	1
KIF20A	NCAPG	1
KIF20A	TROAP	1
KIF20A	KIF23	1
KIF20A	LMNB1	1
KIF20A	NDC80	1
KIF20A	MCM4	1
KIF20A	PLK4	1
KIF20A	SPC25	1
KIF20A	SKA1	1
KIF20A	MAD2L1	1
KIF20A	MELK	1
KIF20A	PCLAF	1
KIF20A	PLK1	1
KIF20A	TPX2	1
KIF20A	SHCBP1	1
KIF20A	SPAG5	1
KIF20A	TACC3	1
KIF20A	SMC4	1
KIF20A	UBE2C	1
KIF20A	RRM2	1
KIF20A	NEK2	1
KIF20A	MKI67	1
KIF20A	TTK	1
KIF20A	KIF2C	1
KIF20A	ZWINT	1
KIF20A	KIF4A	1
KIF20A	RFC4	1
KIF20A	PTTG1	1
KIF20A	PRC1	1
KIF20A	MCM10	1
KIF20A	TK1	1
KIF20A	KIFC1	1
KIF20A	PBK	1
KIF20A	NUSAP1	1
KIF20A	TOP2A	1
KIF20A	RACGAP1	1
KIF23	TRIP13	1
KIF23	MCM5	1
KIF23	NCAPH	1
KIF23	NCAPG	1
KIF23	MCM7	1
KIF23	MCM10	1
KIF23	MCM3	1
KIF23	KIF2A	1
KIF23	MCM2	1
KIF23	SMC2	1
KIF23	MICAL3	1
KIF23	RRM2	1
KIF23	PLK4	1
KIF23	STARD13	1
KIF23	MCM4	1
KIF23	KPNA2	1
KIF23	YWHAZ	1
KIF23	MCM6	1
KIF23	NEK2	1
KIF23	KNTC1	1
KIF23	SMC4	1
KIF23	MAD2L1	1
KIF23	TTK	1
KIF23	UBE2C	1
KIF23	NDC80	1
KIF23	ZWINT	1
KIF23	MKI67	1
KIF23	PBK	1
KIF23	NUSAP1	1
KIF23	MELK	1
KIF23	TPX2	1
KIF23	KIFC1	1
KIF23	KIF2C	1
KIF23	TOP2A	1
KIF23	KIF4A	1
KIF23	SHCBP1	1
KIF23	PLK1	1
KIF23	PRC1	1
KIF23	RACGAP1	1
KIF2A	PLK1	1
KIF2A	KIF2C	1
KIF2C	TRIP13	1
KIF2C	OIP5	1
KIF2C	NCAPH	1
KIF2C	NCAPG	1
KIF2C	TROAP	1
KIF2C	NDC80	1
KIF2C	PLK4	1
KIF2C	SPC25	1
KIF2C	SKA1	1
KIF2C	MAD2L1	1
KIF2C	MELK	1
KIF2C	PCLAF	1
KIF2C	PLK1	1
KIF2C	TPX2	1
KIF2C	SPAG5	1
KIF2C	TACC3	1
KIF2C	UBE2C	1
KIF2C	RRM2	1
KIF2C	NEK2	1
KIF2C	MKI67	1
KIF2C	TTK	1
KIF2C	RFC4	1
KIF2C	ZWINT	1
KIF2C	RACGAP1	1
KIF2C	PTTG1	1
KIF2C	PBK	1
KIF2C	KIFC1	1
KIF2C	TOP2A	1
KIF2C	NUSAP1	1
KIF2C	PRC1	1
KIF2C	KIF4A	1
KIF4A	TRIP13	1
KIF4A	RAD51AP1	1
KIF4A	NCAPH	1
KIF4A	NCAPG	1
KIF4A	TROAP	1
KIF4A	NDC80	1
KIF4A	SPC25	1
KIF4A	SKA1	1
KIF4A	SMC2	1
KIF4A	MAD2L1	1
KIF4A	MELK	1
KIF4A	PLK1	1
KIF4A	TPX2	1
KIF4A	SHCBP1	1
KIF4A	SPAG5	1
KIF4A	NCAPD2	1
KIF4A	SMC4	1
KIF4A	UBE2C	1
KIF4A	RRM2	1
KIF4A	NEK2	1
KIF4A	MKI67	1
KIF4A	TTK	1
KIF4A	ZWINT	1
KIF4A	MCM10	1
KIF4A	TK1	1
KIF4A	KIFC1	1
KIF4A	PTTG1	1
KIF4A	NCAPG2	1
KIF4A	RAD51	1
KIF4A	RACGAP1	1
KIF4A	TOP2A	1
KIF4A	NUSAP1	1
KIF4A	PBK	1
KIF4A	PRC1	1
KIFC1	MYBL2	1
KIFC1	NCAPG	1
KIFC1	TROAP	1
KIFC1	MAD2L1	1
KIFC1	PLK1	1
KIFC1	TPX2	1
KIFC1	SPAG5	1
KIFC1	UBE2C	1
KIFC1	NEK2	1
KIFC1	MKI67	1
KIFC1	TTK	1
KIFC1	PTTG1	1
KIFC1	PRC1	1
KIFC1	KPNA2	1
KIFC1	NUSAP1	1
KIFC1	RACGAP1	1
KIFC1	TOP2A	1
KNTC1	MCM5	1
KNTC1	NCAPH	1
KNTC1	NDC80	1
KNTC1	MCM6	1
KNTC1	SMC2	1
KNTC1	MAD2L1	1
KNTC1	MELK	1
KNTC1	PLK1	1
KNTC1	ZWILCH	1
KNTC1	NCAPG2	1
KNTC1	TTK	1
KNTC1	ZWINT	1
KPNA2	NFKB1	1
KPNA2	NBN	1
KPNA2	MELK	1
KPNA2	TPX2	1
KPNA2	UBE2C	1
KPNA2	RRM2	1
KPNA2	XPO1	1
KPNA2	RANBP1	1
KPNA2	RACGAP1	1
KPNA2	TOP2A	1
KPNA2	PBK	1
KPNA2	MYC	1
KPNA2	TK1	1
KPNA2	RAN	1
KPNA2	NUP153	1
LAGE3	NUP43	1
LAGE3	YRDC	1
LMNB1	NUP153	1
LMNB1	ZWINT	1
LMNB1	TMPO	1
LRPPRC	MTPAP	1
LRPPRC	XPO1	1
LSM2	SNRPC	1
LSM2	SNRPB2	1
LSM2	SNRPA1	1
LSM2	SRSF1	1
LSM2	SNRPD1	1
LSM2	SF3B3	1
LSM2	MAGOHB	1
LSM2	SF3B5	1
LSM2	SNRPG	1
LSM2	LSM5	1
LSM2	SNRPE	1
LSM5	SNRPC	1
LSM5	SNRPB2	1
LSM5	SNRPA1	1
LSM5	SRSF1	1
LSM5	SNRPD1	1
LSM5	SF3B3	1
LSM5	MAGOHB	1
LSM5	POLR2K	1
LSM5	SF3B5	1
LSM5	SNRPG	1
LSM5	SNRPE	1
MAD2L1	TRIP13	1
MAD2L1	MCM5	1
MAD2L1	OIP5	1
MAD2L1	RAD51AP1	1
MAD2L1	NCAPH	1
MAD2L1	NCAPG	1
MAD2L1	NDC80	1
MAD2L1	MCM4	1
MAD2L1	MCM6	1
MAD2L1	MCM2	1
MAD2L1	PLK4	1
MAD2L1	SPC25	1
MAD2L1	SKA1	1
MAD2L1	SMC2	1
MAD2L1	SMC1A	1
MAD2L1	SHCBP1	1
MAD2L1	TK1	1
MAD2L1	NCAPG2	1
MAD2L1	SPAG5	1
MAD2L1	NUP37	1
MAD2L1	SMC4	1
MAD2L1	PCLAF	1
MAD2L1	PCNA	1
MAD2L1	MCM3	1
MAD2L1	RAD51	1
MAD2L1	MCM7	1
MAD2L1	MCM10	1
MAD2L1	TACC3	1
MAD2L1	PRC1	1
MAD2L1	NUSAP1	1
MAD2L1	ZWILCH	1
MAD2L1	RFC3	1
MAD2L1	TPX2	1
MAD2L1	RACGAP1	1
MAD2L1	RRM2	1
MAD2L1	TOP2A	1
MAD2L1	PTTG1	1
MAD2L1	ZWINT	1
MAD2L1	TYMS	1
MAD2L1	NUP153	1
MAD2L1	UBE2C	1
MAD2L1	PLK1	1
MAD2L1	MELK	1
MAD2L1	RFC4	1
MAD2L1	PBK	1
MAD2L1	PCID2	1
MAD2L1	TTK	1
MAD2L1	NEK2	1
MAGOHB	SNRPB2	1
MAGOHB	SNRPA1	1
MAGOHB	SRSF1	1
MAGOHB	SNRPD1	1
MAGOHB	SF3B3	1
MAGOHB	SEH1L	1
MAGOHB	NUP37	1
MAGOHB	SRSF7	1
MAGOHB	SRSF3	1
MAGOHB	PPIE	1
MAGOHB	SF3B5	1
MAGOHB	SNRPG	1
MAGOHB	SNRPE	1
MAIP1	PHB2	1
MAPK1	NFKB1	1
MAPK1	ROCK2	1
MAPK1	STMN1	1
MAPK1	NRAS	1
MAPK1	MYC	1
MCM10	MCM5	1
MCM10	POLE2	1
MCM10	ORC6	1
MCM10	OIP5	1
MCM10	RAD51AP1	1
MCM10	NCAPG	1
MCM10	TOPBP1	1
MCM10	MCM4	1
MCM10	MCM6	1
MCM10	MCM2	1
MCM10	POLA2	1
MCM10	PLK4	1
MCM10	SKA1	1
MCM10	MELK	1
MCM10	PCLAF	1
MCM10	TPX2	1
MCM10	SHCBP1	1
MCM10	MCM7	1
MCM10	RRM2	1
MCM10	TTK	1
MCM10	ORC1	1
MCM10	RAD54L	1
MCM10	POLE3	1
MCM10	RFC3	1
MCM10	TOP2A	1
MCM10	PBK	1
MCM10	RAD51	1
MCM10	PRIM2	1
MCM10	RECQL4	1
MCM10	MCM3	1
MCM2	MCM5	1
MCM2	POLE2	1
MCM2	ORC6	1
MCM2	RNASEH2A	1
MCM2	MCM4	1
MCM2	MCM6	1
MCM2	PRC1	1
MCM2	NCAPD2	1
MCM2	RAD51	1
MCM2	POLE3	1
MCM2	TYMS	1
MCM2	RECQL4	1
MCM2	POLA2	1
MCM2	RRM2	1
MCM2	RFC4	1
MCM2	RRM1	1
MCM2	SSRP1	1
MCM2	RFC3	1
MCM2	PCNA	1
MCM2	PRIM2	1
MCM2	POLD1	1
MCM2	ORC1	1
MCM2	MCM3	1
MCM2	MCM7	1
MCM3	RFC2	1
MCM3	MCM5	1
MCM3	POLE2	1
MCM3	ORC6	1
MCM3	RNASEH2A	1
MCM3	MSH6	1
MCM3	TOPBP1	1
MCM3	MCM4	1
MCM3	MCM6	1
MCM3	POLA2	1
MCM3	SSRP1	1
MCM3	PLK1	1
MCM3	RRM1	1
MCM3	MCM7	1
MCM3	TYMS	1
MCM3	SMC4	1
MCM3	RRM2	1
MCM3	PARP1	1
MCM3	ORC1	1
MCM3	POLE3	1
MCM3	PCNA	1
MCM3	RFC3	1
MCM3	RFC4	1
MCM3	NCAPG2	1
MCM3	TOP2A	1
MCM3	POLD1	1
MCM3	RECQL4	1
MCM3	RAD51	1
MCM3	PRIM2	1
MCM4	RFC2	1
MCM4	TRIP13	1
MCM4	MCM5	1
MCM4	POLE2	1
MCM4	ORC6	1
MCM4	MSH6	1
MCM4	NCAPH	1
MCM4	TOPBP1	1
MCM4	PRC1	1
MCM4	TTK	1
MCM4	TPX2	1
MCM4	NCAPD2	1
MCM4	SMC4	1
MCM4	SMC2	1
MCM4	NCAPG2	1
MCM4	RAD51	1
MCM4	RECQL4	1
MCM4	TOP2A	1
MCM4	PIEZO2	1
MCM4	PLK1	1
MCM4	POLE3	1
MCM4	POLD1	1
MCM4	PRKDC	1
MCM4	RFC4	1
MCM4	RRM2	1
MCM4	RFC3	1
MCM4	TYMS	1
MCM4	POLA2	1
MCM4	SSRP1	1
MCM4	PRIM2	1
MCM4	RRM1	1
MCM4	PCNA	1
MCM4	ORC1	1
MCM4	MCM6	1
MCM4	MCM7	1
MCM5	RFC2	1
MCM5	NCAPD2	1
MCM5	PLK1	1
MCM5	MSH6	1
MCM5	SMC2	1
MCM5	TOP2A	1
MCM5	SSRP1	1
MCM5	SMC4	1
MCM5	PSMB4	1
MCM5	TK1	1
MCM5	RECQL4	1
MCM5	RNASEH2A	1
MCM5	POLE3	1
MCM5	TYMS	1
MCM5	POLA2	1
MCM5	PCNA	1
MCM5	RFC3	1
MCM5	RRM2	1
MCM5	PRIM2	1
MCM5	RFC4	1
MCM5	RRM1	1
MCM5	POLD1	1
MCM5	ORC6	1
MCM5	TOPBP1	1
MCM5	ORC1	1
MCM5	POLE2	1
MCM5	MCM7	1
MCM5	MCM6	1
MCM6	RFC2	1
MCM6	POLE2	1
MCM6	ORC6	1
MCM6	RNASEH2A	1
MCM6	MSH6	1
MCM6	NASP	1
MCM6	TOPBP1	1
MCM6	PRC1	1
MCM6	RACGAP1	1
MCM6	SMC4	1
MCM6	SMC1A	1
MCM6	SMC2	1
MCM6	RECQL4	1
MCM6	RAD51	1
MCM6	TOP2A	1
MCM6	POLE3	1
MCM6	POLD1	1
MCM6	PLK1	1
MCM6	POLA2	1
MCM6	SSRP1	1
MCM6	RRM2	1
MCM6	TYMS	1
MCM6	PRIM2	1
MCM6	PCNA	1
MCM6	RFC4	1
MCM6	RRM1	1
MCM6	NOC3L	1
MCM6	RFC3	1
MCM6	ORC1	1
MCM6	MCM7	1
MCM7	RFC2	1
MCM7	TRIP13	1
MCM7	POLE2	1
MCM7	ORC6	1
MCM7	RNASEH2A	1
MCM7	MSH2	1
MCM7	NASP	1
MCM7	POLA2	1
MCM7	SSRP1	1
MCM7	SMC2	1
MCM7	PLK1	1
MCM7	RRM1	1
MCM7	TOP2A	1
MCM7	TRAIP	1
MCM7	TYMS	1
MCM7	POLR2B	1
MCM7	POLE3	1
MCM7	NCAPD2	1
MCM7	RECQL4	1
MCM7	POLD1	1
MCM7	SMC4	1
MCM7	RRM2	1
MCM7	RFC4	1
MCM7	PRIM2	1
MCM7	RFC3	1
MCM7	PCNA	1
MCM7	ORC1	1
MDC1	SMARCC1	1
MDC1	TOPBP1	1
MDC1	NBN	1
MDC1	PRKDC	1
MDC1	SMC1A	1
MDC1	XRCC6	1
MDC1	TRRAP	1
MDC1	RECQL4	1
MDC1	RAD51	1
MED17	RXRA	1
MED17	SUPT7L	1
MED17	TAF5	1
MED17	TAF11	1
MED17	TAF2	1
MED17	POLR2K	1
MED17	POLR2F	1
MED17	POLR2B	1
MED17	POLR2D	1
MELK	TRIP13	1
MELK	MYBL2	1
MELK	OIP5	1
MELK	RAD51AP1	1
MELK	NCAPH	1
MELK	NCAPG	1
MELK	TROAP	1
MELK	NDC80	1
MELK	PLK4	1
MELK	SPC25	1
MELK	SKA1	1
MELK	TACC3	1
MELK	NCAPG2	1
MELK	SPAG5	1
MELK	TYMS	1
MELK	SHCBP1	1
MELK	RAD51	1
MELK	TK1	1
MELK	PLK1	1
MELK	STIL	1
MELK	NEK2	1
MELK	RACGAP1	1
MELK	PCLAF	1
MELK	PTTG1	1
MELK	PRC1	1
MELK	ZWINT	1
MELK	MKI67	1
MELK	NUSAP1	1
MELK	TTK	1
MELK	RRM2	1
MELK	UBE2C	1
MELK	TOP2A	1
MELK	TPX2	1
MELK	PBK	1
MGLL	NDUFA9	1
MGLL	NDUFA6	1
MIS18A	OIP5	1
MKI67	MYBL2	1
MKI67	NCAPH	1
MKI67	NCAPG	1
MKI67	TROAP	1
MKI67	NDC80	1
MKI67	PCLAF	1
MKI67	PLK1	1
MKI67	TPX2	1
MKI67	SHCBP1	1
MKI67	SPAG5	1
MKI67	UBE2C	1
MKI67	RRM2	1
MKI67	NEK2	1
MKI67	RACGAP1	1
MKI67	PBK	1
MKI67	TTK	1
MKI67	PRC1	1
MKI67	ZWINT	1
MKI67	NUSAP1	1
MKI67	TOP2A	1
MLF1	YWHAE	1
MMP1	SERPINH1	1
MRGBP	TRRAP	1
MRPL13	MRPL15	1
MRPL13	MTIF2	1
MRPL13	MRPL3	1
MRPL13	MRPS17	1
MRPL13	MRPL39	1
MRPL13	RSRC1	1
MRPL13	POLR2B	1
MRPL13	RPL39L	1
MRPL13	POLR2F	1
MRPL13	PUS7	1
MRPL13	PSMG1	1
MRPL13	MRPL9	1
MRPL15	MRPS17	1
MRPL15	MTIF2	1
MRPL15	MRPL39	1
MRPL15	MRPL9	1
MRPL15	MRPL3	1
MRPL3	MTIF2	1
MRPL3	RSRC1	1
MRPL3	PUS7	1
MRPL3	POLR2B	1
MRPL3	PSMG1	1
MRPL3	MRPS17	1
MRPL3	MRPL39	1
MRPL3	MRPL9	1
MRPL39	MTIF2	1
MRPL39	MRPS17	1
MRPL39	MRPL9	1
MRPL9	MTIF2	1
MRPL9	MRPS17	1
MRPL9	POLR2B	1
MRPS17	MTIF2	1
MSH2	RFC2	1
MSH2	UNG	1
MSH2	PARP1	1
MSH2	RFC3	1
MSH2	RECQL4	1
MSH2	NBN	1
MSH2	MYC	1
MSH2	RFC4	1
MSH2	XPC	1
MSH2	RAD51	1
MSH2	PRKDC	1
MSH2	PCNA	1
MSH2	XRCC6	1
MSH2	POLD1	1
MSH2	MSH6	1
MSH6	RFC2	1
MSH6	SMC1A	1
MSH6	UNG	1
MSH6	PARP1	1
MSH6	RECQL4	1
MSH6	RAD21	1
MSH6	RAD51	1
MSH6	NBN	1
MSH6	RFC4	1
MSH6	XPC	1
MSH6	PRKDC	1
MSH6	XRCC6	1
MSH6	POLD1	1
MSH6	PCNA	1
MTDH	TYMS	1
MTERF3	TFB2M	1
MTHFD1	PPAT	1
MTHFD1	TYMS	1
MTHFD1	MTHFD2	1
MTHFD1	PAICS	1
MTHFD2	PPAT	1
MTHFD2	TYMS	1
MTIF2	RSRC1	1
MTIF2	POLR2B	1
MVP	PARP1	1
MYBL2	NCAPH	1
MYBL2	TOP2A	1
MYBL2	RRM2	1
MYBL2	TPX2	1
MYBL2	TK1	1
MYBL2	UBE2C	1
MYBL2	PLK1	1
MYC	TFAP2C	1
MYC	NFKB1	1
MYC	SOX4	1
MYC	SMARCC1	1
MYC	SKP2	1
MYC	RAD21	1
MYC	PLK1	1
MYC	STAT6	1
MYC	PRKDC	1
MYC	NCL	1
MYC	SMC1A	1
MYC	SMARCA4	1
MYC	XRCC6	1
MYC	TRRAP	1
MYC	PARP1	1
MYC	TJP2	1
MYC	PFDN5	1
NARS1	YARS2	1
NARS1	TARS1	1
NBN	RFC2	1
NBN	TOPBP1	1
NBN	SSBP1	1
NBN	PARP1	1
NBN	XRCC6	1
NBN	RFC4	1
NBN	PRKDC	1
NBN	RAD51	1
NCAPD2	NCAPH	1
NCAPD2	NCAPG	1
NCAPD2	SMC2	1
NCAPD2	RAD21	1
NCAPD2	SMC1A	1
NCAPD2	PRIM2	1
NCAPD2	NCAPD3	1
NCAPD2	NCAPG2	1
NCAPD2	SMC4	1
NCAPD3	NCAPH	1
NCAPD3	NCAPG	1
NCAPD3	SMC2	1
NCAPD3	PLK1	1
NCAPD3	SMC4	1
NCAPD3	NCAPG2	1
NCAPG	TRIP13	1
NCAPG	OIP5	1
NCAPG	RAD51AP1	1
NCAPG	NCAPH	1
NCAPG	STIL	1
NCAPG	SPAG5	1
NCAPG	SKA1	1
NCAPG	PCLAF	1
NCAPG	SMC1A	1
NCAPG	PARPBP	1
NCAPG	PTTG1	1
NCAPG	RAD21	1
NCAPG	NEK2	1
NCAPG	SHCBP1	1
NCAPG	ZWINT	1
NCAPG	PLK4	1
NCAPG	UBE2C	1
NCAPG	RACGAP1	1
NCAPG	SPC25	1
NCAPG	RRM2	1
NCAPG	PBK	1
NCAPG	PRC1	1
NCAPG	NUSAP1	1
NCAPG	NCAPG2	1
NCAPG	NDC80	1
NCAPG	TPX2	1
NCAPG	TOP2A	1
NCAPG	TTK	1
NCAPG	SMC2	1
NCAPG	SMC4	1
NCAPG2	RAD51AP1	1
NCAPG2	NCAPH	1
NCAPG2	NDC80	1
NCAPG2	SMC2	1
NCAPG2	RAD21	1
NCAPG2	PLK1	1
NCAPG2	TPX2	1
NCAPG2	SHCBP1	1
NCAPG2	ZWILCH	1
NCAPG2	SMC4	1
NCAPG2	RRM2	1
NCAPG2	ZWINT	1
NCAPG2	RACGAP1	1
NCAPH	NEK2	1
NCAPH	ZWINT	1
NCAPH	PTTG1	1
NCAPH	RRM2	1
NCAPH	PRC1	1
NCAPH	UBE2C	1
NCAPH	NUSAP1	1
NCAPH	SMC1A	1
NCAPH	PLK1	1
NCAPH	SPAG5	1
NCAPH	NDC80	1
NCAPH	PBK	1
NCAPH	TPX2	1
NCAPH	RAD21	1
NCAPH	TTK	1
NCAPH	TOP2A	1
NCAPH	SMC2	1
NCAPH	SMC4	1
NCL	SRSF1	1
NCL	SET	1
NCL	WDR43	1
NCL	PARP1	1
NCL	SSB	1
NCL	XRCC6	1
NCL	NOLC1	1
NCOA1	NFKB1	1
NCOA1	STAT6	1
NCOA1	PRMT1	1
NCOA1	RXRA	1
NDC1	NUP107	1
NDC1	NUP155	1
NDC1	NUP205	1
NDC1	NUP43	1
NDC1	NUP153	1
NDC1	NUP37	1
NDC1	NUP88	1
NDC1	SEH1L	1
NDC80	OIP5	1
NDC80	RACGAP1	1
NDC80	TYMS	1
NDC80	PLK4	1
NDC80	RRM2	1
NDC80	TACC3	1
NDC80	RFC4	1
NDC80	TPX2	1
NDC80	PRC1	1
NDC80	PTTG1	1
NDC80	SMC1A	1
NDC80	ZWILCH	1
NDC80	SMC4	1
NDC80	UBE2C	1
NDC80	TOP2A	1
NDC80	SPAG5	1
NDC80	SMC2	1
NDC80	NUSAP1	1
NDC80	PBK	1
NDC80	PLK1	1
NDC80	SKA1	1
NDC80	NEK2	1
NDC80	ZWINT	1
NDC80	TTK	1
NDC80	SPC25	1
NDUFA6	NDUFA9	1
NDUFA6	NDUFAF4	1
NDUFA9	NDUFAF4	1
NEK2	TRIP13	1
NEK2	UBE2S	1
NEK2	PLK1	1
NEK2	TPX2	1
NEK2	SHCBP1	1
NEK2	SPAG5	1
NEK2	UBE2C	1
NEK2	RRM2	1
NEK2	RACGAP1	1
NEK2	ZWINT	1
NEK2	PRC1	1
NEK2	TTK	1
NEK2	PBK	1
NEK2	PTTG1	1
NEK2	NUSAP1	1
NEK2	TOP2A	1
NEK9	SSRP1	1
NEK9	PLK1	1
NEMP1	RAN	1
NFKB1	NRAS	1
NFKB1	STAT5B	1
NFKB1	PSMA7	1
NFKB1	PARP1	1
NFKB1	STAT6	1
NFKB1	ROCK2	1
NFKB1	TXN	1
NOC3L	RBM28	1
NOC3L	RRS1	1
NOC3L	RRP1B	1
NOC3L	RRP15	1
NOC3L	UTP11	1
NOC3L	PUS7	1
NOC3L	WDR43	1
NOC3L	NOP2	1
NOLC1	RBM28	1
NOLC1	RRS1	1
NOLC1	RRP1B	1
NOLC1	NOP2	1
NOLC1	WDR43	1
NOP2	RBM28	1
NOP2	RRS1	1
NOP2	RRP1B	1
NOP2	RRP15	1
NOP2	PUS1	1
NOP2	PAK1IP1	1
NOP2	WDR43	1
NRAS	RASAL2	1
NRAS	YES1	1
NRAS	PIK3R1	1
NUDT15	RRM1	1
NUDT15	NUDT18	1
NUDT15	TYMS	1
NUP107	XPOT	1
NUP107	XPO1	1
NUP107	RAN	1
NUP107	NUP88	1
NUP107	SEH1L	1
NUP107	NUP155	1
NUP107	NUP205	1
NUP107	NUP37	1
NUP107	NUP43	1
NUP107	NUP153	1
NUP153	NUP155	1
NUP153	NXT1	1
NUP153	TNPO3	1
NUP153	NUP205	1
NUP153	NUP43	1
NUP153	SEH1L	1
NUP153	XPO1	1
NUP153	RANBP1	1
NUP153	TNPO2	1
NUP153	NUP37	1
NUP153	PCID2	1
NUP153	NUP88	1
NUP153	RAN	1
NUP155	XPO1	1
NUP155	NUP37	1
NUP155	NUP43	1
NUP155	NUP88	1
NUP155	SEH1L	1
NUP155	NUP205	1
NUP205	XPOT	1
NUP205	NUP37	1
NUP205	NUP43	1
NUP205	NUP88	1
NUP205	SEH1L	1
NUP37	NUP43	1
NUP37	SEH1L	1
NUP37	NUP88	1
NUP43	RFC4	1
NUP43	NUP88	1
NUP43	SEH1L	1
NUP88	SEH1L	1
NUP88	XPO1	1
NUSAP1	TRIP13	1
NUSAP1	OIP5	1
NUSAP1	RAD51AP1	1
NUSAP1	PLK4	1
NUSAP1	SKA1	1
NUSAP1	PCLAF	1
NUSAP1	PLK1	1
NUSAP1	TPX2	1
NUSAP1	SHCBP1	1
NUSAP1	TYMS	1
NUSAP1	SPAG5	1
NUSAP1	SMC4	1
NUSAP1	UBE2C	1
NUSAP1	RRM2	1
NUSAP1	TTK	1
NUSAP1	ZWINT	1
NUSAP1	PTTG1	1
NUSAP1	PRC1	1
NUSAP1	RACGAP1	1
NUSAP1	TOP2A	1
NUSAP1	PBK	1
NUSAP1	TK1	1
NXT1	XPO1	1
OIP5	TPX2	1
OIP5	TTK	1
OIP5	SPC25	1
OIP5	RAD51	1
OIP5	ZWINT	1
OIP5	RACGAP1	1
OIP5	RAD51AP1	1
OIP5	PBK	1
OLA1	RRM1	1
ORC1	POLE2	1
ORC1	ORC6	1
ORC1	RNASEH2A	1
ORC1	POLA2	1
ORC1	SKP2	1
ORC1	RRM2	1
ORC1	RFC3	1
ORC1	PRIM2	1
ORC6	POLE2	1
ORC6	PRIM2	1
ORC6	POLA2	1
OS9	SERPINH1	1
OS9	SEL1L	1
PAICS	UMPS	1
PAICS	PPAT	1
PAK1IP1	RBM28	1
PAK1IP1	RRS1	1
PAK1IP1	RRP1B	1
PAK1IP1	RRP15	1
PAK1IP1	WDR43	1
PALM	ZDHHC13	1
PARD3	PRKCI	1
PARP1	SSRP1	1
PARP1	XPC	1
PARP1	PRKDC	1
PARP1	SMARCA4	1
PARP1	XRCC6	1
PARP1	TOP2A	1
PARP1	RECQL4	1
PARP1	PARPBP	1
PARP1	RAD51	1
PARP1	TIPARP	1
PARP1	PCNA	1
PARPBP	RAD51AP1	1
PBK	TRIP13	1
PBK	RAD51AP1	1
PBK	PLK4	1
PBK	SPC25	1
PBK	SKA1	1
PBK	PCLAF	1
PBK	PLK1	1
PBK	TPX2	1
PBK	SHCBP1	1
PBK	TYMS	1
PBK	SPAG5	1
PBK	TACC3	1
PBK	UBE2C	1
PBK	RRM2	1
PBK	TTK	1
PBK	ZWINT	1
PBK	RFC4	1
PBK	PTTG1	1
PBK	PRC1	1
PBK	RACGAP1	1
PBK	TOP2A	1
PBK	RAD51	1
PCID2	SEM1	1
PCLAF	POLE2	1
PCLAF	SPC25	1
PCLAF	TPX2	1
PCLAF	RAD51	1
PCLAF	RACGAP1	1
PCLAF	RFC4	1
PCLAF	SPAG5	1
PCLAF	TTK	1
PCLAF	TK1	1
PCLAF	TYMS	1
PCLAF	PTTG1	1
PCLAF	RRM2	1
PCLAF	ZWINT	1
PCLAF	TOP2A	1
PCLAF	UBE2C	1
PCLAF	PCNA	1
PCNA	RFC2	1
PCNA	POLE2	1
PCNA	RNASEH2A	1
PCNA	UNG	1
PCNA	POLA2	1
PCNA	RAD21	1
PCNA	RRM1	1
PCNA	TYMS	1
PCNA	USP1	1
PCNA	XRCC6	1
PCNA	RRM2	1
PCNA	UBE2V2	1
PCNA	TOP2A	1
PCNA	RAD51	1
PCNA	PRIM2	1
PCNA	UBC	1
PCNA	POLD1	1
PCNA	RFC3	1
PCNA	RFC4	1
PDCD5	PFDN4	1
PDCD5	SNRPE	1
PFDN2	VBP1	1
PFDN2	URI1	1
PFDN2	PFDN5	1
PFDN2	PFDN4	1
PFDN4	VBP1	1
PFDN4	POLR2K	1
PFDN4	URI1	1
PFDN4	PFDN5	1
PFDN5	VBP1	1
PGK1	TPI1	1
PGK1	YWHAZ	1
PHB2	VDAC2	1
PIK3R1	PRKCI	1
PIK3R1	YWHAZ	1
PIK3R1	YES1	1
PLAA	UBC	1
PLK1	TRIP13	1
PLK1	TROAP	1
PLK1	TOPBP1	1
PLK1	YWHAE	1
PLK1	UBE2S	1
PLK1	PLK4	1
PLK1	SPC25	1
PLK1	SKA1	1
PLK1	SMC2	1
PLK1	RAD21	1
PLK1	ZWILCH	1
PLK1	SMC4	1
PLK1	RAD51	1
PLK1	XPO1	1
PLK1	RRM2	1
PLK1	TACC3	1
PLK1	SMC1A	1
PLK1	UBE2C	1
PLK1	ZWINT	1
PLK1	TOP2A	1
PLK1	SPAG5	1
PLK1	TPX2	1
PLK1	PRC1	1
PLK1	PTTG1	1
PLK1	RACGAP1	1
PLK4	RAD51AP1	1
PLK4	SKA1	1
PLK4	TPX2	1
PLK4	SMC4	1
PLK4	RACGAP1	1
PLK4	PRC1	1
PLK4	TTK	1
PLK4	TOP2A	1
PLK4	STIL	1
POLA2	RFC2	1
POLA2	POLE2	1
POLA2	RRM1	1
POLA2	RFC4	1
POLA2	RFC3	1
POLA2	POLE3	1
POLA2	POLD1	1
POLA2	PRIM2	1
POLD1	RFC2	1
POLD1	POLE2	1
POLD1	RNASEH2A	1
POLD1	XPC	1
POLD1	PRKDC	1
POLD1	XRCC6	1
POLD1	RAD54L	1
POLD1	POLE3	1
POLD1	RFC3	1
POLD1	RFC4	1
POLD1	RECQL4	1
POLD1	RAD51	1
POLD1	PRIM2	1
POLE2	RFC2	1
POLE2	TOPBP1	1
POLE2	RAD51AP1	1
POLE2	RAD51	1
POLE2	RFC3	1
POLE2	RFC4	1
POLE2	PRIM2	1
POLE2	POLE3	1
POLE3	RFC2	1
POLE3	SUPT7L	1
POLE3	TRRAP	1
POLE3	TAF5	1
POLE3	RFC4	1
POLE3	TAF2	1
POLE3	RFC3	1
POLE3	PRIM2	1
POLR2B	POLR2D	1
POLR2B	SSRP1	1
POLR2B	POLR3C	1
POLR2B	POLR2K	1
POLR2B	TAF11	1
POLR2B	TAF5	1
POLR2B	TAF2	1
POLR2B	POLR2F	1
POLR2D	SRSF1	1
POLR2D	TAF5	1
POLR2D	TAF2	1
POLR2D	TAF11	1
POLR2D	SSRP1	1
POLR2D	POLR2F	1
POLR2D	POLR2K	1
POLR2F	SSRP1	1
POLR2F	POLR3C	1
POLR2F	POLR2K	1
POLR2F	TAF11	1
POLR2F	TAF5	1
POLR2F	TAF2	1
POLR2F	SNRPG	1
POLR2F	SNRPE	1
POLR2F	POLR3G	1
POLR2K	SSRP1	1
POLR2K	POLR3C	1
POLR2K	SNRPG	1
POLR2K	SNRPE	1
POLR2K	TAF11	1
POLR2K	TAF2	1
POLR2K	TAF5	1
POLR2K	POLR3G	1
POLR3C	POLR3G	1
POLR3G	RBM28	1
POMP	PSMA4	1
POMP	PSMA2	1
POMP	PSMB7	1
POMP	PSMA5	1
POMP	PSMB4	1
POMP	PSMG2	1
POMP	PSMG1	1
POMP	PSMD12	1
POMP	PSMA7	1
POMP	PSMB2	1
POMP	PSMC2	1
POMP	PSME4	1
POP4	RPP25	1
PPAT	UMPS	1
PPAT	TYMS	1
PPAT	PRPS2	1
PPIE	SNRPB2	1
PPIE	SNRPA1	1
PPIE	SNRPD1	1
PPIE	SF3B3	1
PPIE	SF3B5	1
PPIE	SNRPG	1
PPIE	SNRPE	1
PPIF	VDAC2	1
PPIF	VDAC3	1
PRC1	TRIP13	1
PRC1	TPX2	1
PRC1	SHCBP1	1
PRC1	SPAG5	1
PRC1	TACC3	1
PRC1	SMC4	1
PRC1	UBE2C	1
PRC1	RRM2	1
PRC1	TTK	1
PRC1	ZWINT	1
PRC1	PTTG1	1
PRC1	TOP2A	1
PRC1	RACGAP1	1
PRDX4	TXN	1
PRIM2	RFC2	1
PRIM2	RNASEH2A	1
PRIM2	SMC2	1
PRIM2	TYMS	1
PRIM2	SMC4	1
PRIM2	RRM2	1
PRIM2	RFC3	1
PRIM2	RFC4	1
PRIM2	RECQL4	1
PRKDC	XPC	1
PRKDC	PSME4	1
PRKDC	TTI1	1
PRKDC	TOP2A	1
PRKDC	RAD51	1
PRKDC	XRCC6	1
PRMT1	WDR77	1
PRMT1	SNRPD1	1
PRMT1	SNRPG	1
PRMT1	SNRPE	1
PRPS2	UMPS	1
PSMA2	PSMA4	1
PSMA2	PSMD7	1
PSMA2	VBP1	1
PSMA2	UBE2V2	1
PSMA2	PSMG1	1
PSMA2	UBC	1
PSMA2	PSMG2	1
PSMA2	PSME1	1
PSMA2	USP14	1
PSMA2	PSME4	1
PSMA2	UCHL5	1
PSMA2	PSMD12	1
PSMA2	PSMA5	1
PSMA2	PSMD2	1
PSMA2	PSMB2	1
PSMA2	PSMC2	1
PSMA2	PSMA7	1
PSMA2	PSMB4	1
PSMA2	PSMB7	1
PSMA4	PSMG1	1
PSMA4	UBE2V2	1
PSMA4	UBC	1
PSMA4	PSMG2	1
PSMA4	PSME1	1
PSMA4	PSME4	1
PSMA4	USP14	1
PSMA4	UCHL5	1
PSMA4	PSMB2	1
PSMA4	PSMA5	1
PSMA4	PSMD2	1
PSMA4	PSMD7	1
PSMA4	PSMD12	1
PSMA4	PSMB4	1
PSMA4	PSMB7	1
PSMA4	PSMC2	1
PSMA4	PSMA7	1
PSMA5	PSMD7	1
PSMA5	PSMB7	1
PSMA5	USP14	1
PSMA5	UBE2V2	1
PSMA5	PSMG1	1
PSMA5	UBC	1
PSMA5	PSME1	1
PSMA5	PSME4	1
PSMA5	PSMG2	1
PSMA5	UCHL5	1
PSMA5	PSMD2	1
PSMA5	PSMD12	1
PSMA5	PSMB2	1
PSMA5	PSMC2	1
PSMA5	PSMA7	1
PSMA5	PSMB4	1
PSMA7	PSMD7	1
PSMA7	PSMB7	1
PSMA7	USP14	1
PSMA7	PSMB4	1
PSMA7	PSMD2	1
PSMA7	PSMG2	1
PSMA7	PSMG1	1
PSMA7	PSMD12	1
PSMA7	UCHL5	1
PSMA7	UBC	1
PSMA7	PSME1	1
PSMA7	PSME4	1
PSMA7	PSMB2	1
PSMA7	PSMC2	1
PSMB2	PSMD7	1
PSMB2	RNASEH2A	1
PSMB2	PSMB7	1
PSMB2	USP14	1
PSMB2	PSMB4	1
PSMB2	PSMD2	1
PSMB2	PSMG2	1
PSMB2	PSMG1	1
PSMB2	PSMD12	1
PSMB2	UCHL5	1
PSMB2	PSME1	1
PSMB2	UBC	1
PSMB2	PSME4	1
PSMB2	PSMC2	1
PSMB4	PSMD7	1
PSMB4	PSMB7	1
PSMB4	USP14	1
PSMB4	PSMG1	1
PSMB4	UBC	1
PSMB4	PSMG2	1
PSMB4	PSME4	1
PSMB4	PSME1	1
PSMB4	UCHL5	1
PSMB4	PSMD2	1
PSMB4	PSMC2	1
PSMB4	PSMD12	1
PSMB7	PSMD7	1
PSMB7	PSMG1	1
PSMB7	UBC	1
PSMB7	PSMG2	1
PSMB7	PSME1	1
PSMB7	USP14	1
PSMB7	PSME4	1
PSMB7	UCHL5	1
PSMB7	PSMC2	1
PSMB7	PSMD12	1
PSMB7	PSMD2	1
PSMC2	PSMD7	1
PSMC2	USP14	1
PSMC2	PSMD2	1
PSMC2	SMC1A	1
PSMC2	PSMD12	1
PSMC2	UCHL5	1
PSMC2	PSME1	1
PSMC2	PSME4	1
PSMC2	SEM1	1
PSMC2	UBC	1
PSMD12	PSMD7	1
PSMD12	TOPBP1	1
PSMD12	USP14	1
PSMD12	PSMD2	1
PSMD12	STAMBP	1
PSMD12	PSME1	1
PSMD12	PSME4	1
PSMD12	UBC	1
PSMD12	SEM1	1
PSMD12	UCHL5	1
PSMD2	PSMD7	1
PSMD2	USP14	1
PSMD2	UBE3C	1
PSMD2	PSME4	1
PSMD2	SEM1	1
PSMD2	UBC	1
PSMD2	UCHL5	1
PSMD7	PSME4	1
PSMD7	SEM1	1
PSMD7	UBC	1
PSMD7	UCHL5	1
PSMD7	USP14	1
PSME1	USP14	1
PSME1	PSMG2	1
PSME1	UCHL5	1
PSME1	PSME4	1
PSME4	USP14	1
PSME4	UBE3C	1
PSME4	UCHL5	1
PSMG1	SDF2	1
PSMG1	PSMG2	1
PSMG2	SDF2	1
PTTG1	UBE2S	1
PTTG1	RAD21	1
PTTG1	TPX2	1
PTTG1	TYMS	1
PTTG1	SPAG5	1
PTTG1	UBE2C	1
PTTG1	RRM2	1
PTTG1	TTK	1
PTTG1	ZWINT	1
PTTG1	TK1	1
PTTG1	RACGAP1	1
PTTG1	TOP2A	1
PUS1	YARS2	1
PUS1	TRMU	1
PUS1	PUS7	1
PUS7	RBM28	1
PUS7	RINT1	1
RACGAP1	TPX2	1
RACGAP1	SHCBP1	1
RACGAP1	SPAG5	1
RACGAP1	TACC3	1
RACGAP1	UBE2C	1
RACGAP1	RRM2	1
RACGAP1	TTK	1
RACGAP1	ZWINT	1
RACGAP1	TOP2A	1
RAD1	RFC2	1
RAD1	TOPBP1	1
RAD1	RFC3	1
RAD1	RAD51	1
RAD1	RFC4	1
RAD21	SMC2	1
RAD21	RFC3	1
RAD21	SMARCA4	1
RAD21	SMC4	1
RAD21	SMC1A	1
RAD51	RFC2	1
RAD51	TRIP13	1
RAD51	RNASEH2A	1
RAD51	RAD51AP1	1
RAD51	TOPBP1	1
RAD51	UBE2S	1
RAD51	TPX2	1
RAD51	TYMS	1
RAD51	RAD54B	1
RAD51	SMARCA4	1
RAD51	UBE2C	1
RAD51	XRCC6	1
RAD51	RRM2	1
RAD51	RFWD3	1
RAD51	TTK	1
RAD51	RAD54L	1
RAD51	ZWINT	1
RAD51	RFC3	1
RAD51	RFC4	1
RAD51	TOP2A	1
RAD51	UBE2V2	1
RAD51	TK1	1
RAD51	SEM1	1
RAD51	RECQL4	1
RAD51AP1	RFC3	1
RAD51AP1	RRM2	1
RAD51AP1	SHCBP1	1
RAD51AP1	SMC2	1
RAD51AP1	RFC4	1
RAD51AP1	RAD54L	1
RAD51AP1	TOP2A	1
RAD51AP1	TTK	1
RAD51AP1	ZWINT	1
RAD51AP1	USP1	1
RAD54B	RECQL4	1
RAD54B	RAD54L	1
RAD54L	RECQL4	1
RALA	RALGAPB	1
RAN	TNPO3	1
RAN	XPOT	1
RAN	SEH1L	1
RAN	XPO1	1
RAN	RANBP1	1
RAN	TNPO2	1
RANBP1	XPO1	1
RB1CC1	STMN1	1
RB1CC1	RHEB	1
RBM28	UTP25	1
RBM28	RRP1B	1
RBM28	WDR43	1
RBM28	UTP11	1
RBM28	RRS1	1
RBM28	RRP15	1
RBM5	SRSF5	1
RBM5	U2SURP	1
RECQL4	RNASEH2A	1
RECQL4	TOPBP1	1
RECQL4	XRCC6	1
RFC2	RNASEH2A	1
RFC2	TOPBP1	1
RFC2	RFC4	1
RFC2	RFC3	1
RFC3	RNASEH2A	1
RFC3	TOPBP1	1
RFC3	RRM1	1
RFC3	TYMS	1
RFC3	RRM2	1
RFC3	TOP2A	1
RFC3	RFC4	1
RFC4	RNASEH2A	1
RFC4	TOPBP1	1
RFC4	TYMS	1
RFC4	SMC4	1
RFC4	USP1	1
RFC4	RRM2	1
RFC4	ZWINT	1
RFC4	TOP2A	1
RINT1	ZWILCH	1
RNASEH2A	TOP2A	1
RNASEH2A	TYMS	1
RPL39L	RSRC1	1
RRM1	TARDBP	1
RRM1	SRSF1	1
RRM1	TK1	1
RRM1	TXN	1
RRM1	TOP2A	1
RRM1	TYMS	1
RRM1	RRM2	1
RRM2	TARDBP	1
RRM2	TPX2	1
RRM2	SHCBP1	1
RRM2	TYMS	1
RRM2	UBE2C	1
RRM2	TTK	1
RRM2	TXN	1
RRM2	TK1	1
RRM2	ZWINT	1
RRM2	TOP2A	1
RRP15	RRS1	1
RRP15	RRP1B	1
RRP15	WDR43	1
RRP15	UTP11	1
RRP1B	SRSF1	1
RRP1B	RRS1	1
RRP1B	UTP11	1
RRP1B	WDR43	1
RRS1	TFB2M	1
RRS1	UTP11	1
RRS1	WDR43	1
RSRC1	SRSF5	1
RXRA	TRIM24	1
RYK	VANGL1	1
SEC63	SRPRB	1
SEH1L	SESN1	1
SEM1	USP14	1
SEM1	UCHL5	1
SEM1	UBC	1
SENP6	UBA2	1
SEPHS1	TXNRD1	1
SET	TNFSF13	1
SET	SRSF3	1
SET	XPO1	1
SF3B3	SNRPC	1
SF3B3	SNRPB2	1
SF3B3	SNRPA1	1
SF3B3	SRSF1	1
SF3B3	SNRPD1	1
SF3B3	TAF5	1
SF3B3	U2SURP	1
SF3B3	TRRAP	1
SF3B3	SUPT7L	1
SF3B3	SF3B5	1
SF3B3	SNRPG	1
SF3B3	SNRPE	1
SF3B5	SNRPC	1
SF3B5	SNRPB2	1
SF3B5	SNRPA1	1
SF3B5	SRSF1	1
SF3B5	SNRPD1	1
SF3B5	SUPT7L	1
SF3B5	TRRAP	1
SF3B5	TAF5	1
SF3B5	SNRPG	1
SF3B5	SNRPE	1
SFPQ	TARDBP	1
SFPQ	SRSF1	1
SFPQ	SRSF7	1
SFPQ	SRSF3	1
SHCBP1	SKA1	1
SHCBP1	TPX2	1
SIGMAR1	TMEM97	1
SIGMAR1	SQLE	1
SKA1	TRIP13	1
SKA1	TTK	1
SKA1	ZWILCH	1
SKP2	UBE2S	1
SKP2	UBE2C	1
SKP2	UBC	1
SLC25A13	TIMM8A	1
SMARCA4	WDR77	1
SMARCA4	SMARCC1	1
SMARCA4	STAT5B	1
SMARCA4	SS18L1	1
SMARCC1	SSRP1	1
SMARCC1	SS18L1	1
SMC1A	SMC2	1
SMC1A	SMC4	1
SMC2	TTK	1
SMC2	UBE2C	1
SMC2	TOP2A	1
SMC2	SMC4	1
SMC4	ZWINT	1
SMC4	TOP2A	1
SNRPA1	SNRPC	1
SNRPA1	SNRPB2	1
SNRPA1	SRSF1	1
SNRPA1	U2SURP	1
SNRPA1	SNRPE	1
SNRPA1	SNRPG	1
SNRPA1	SNRPD1	1
SNRPB2	SNRPC	1
SNRPB2	U2SURP	1
SNRPB2	SRSF1	1
SNRPB2	SNRPE	1
SNRPB2	SNRPD1	1
SNRPB2	SNRPG	1
SNRPC	SRSF1	1
SNRPC	SNRPD1	1
SNRPC	SNRPG	1
SNRPC	SNRPE	1
SNRPD1	WDR77	1
SNRPD1	SRSF1	1
SNRPD1	SSB	1
SNRPD1	U2SURP	1
SNRPD1	SRSF3	1
SNRPD1	STRAP	1
SNRPD1	SNRPE	1
SNRPD1	SNRPG	1
SNRPE	WDR77	1
SNRPE	TARDBP	1
SNRPE	SRSF1	1
SNRPE	SRSF7	1
SNRPE	SRSF3	1
SNRPE	SSB	1
SNRPE	STRAP	1
SNRPE	SNRPG	1
SNRPE	U2SURP	1
SNRPG	WDR77	1
SNRPG	TARDBP	1
SNRPG	SRSF1	1
SNRPG	SRSF7	1
SNRPG	SRSF3	1
SNRPG	SSB	1
SNRPG	STRAP	1
SNRPG	U2SURP	1
SPAG5	TROAP	1
SPAG5	TPX2	1
SPAG5	TYMS	1
SPAG5	TK1	1
SPAG5	UBE2C	1
SPAG5	TTK	1
SPAG5	TOP2A	1
SPC25	UBE2C	1
SPC25	TPX2	1
SPC25	TTK	1
SPC25	ZWINT	1
SRSF1	TARDBP	1
SRSF1	XPO1	1
SRSF1	SRSF5	1
SRSF1	SRSF3	1
SRSF1	TNPO3	1
SRSF1	SRSF7	1
SRSF1	SRSF10	1
SRSF10	SRSF7	1
SRSF10	SRSF3	1
SRSF3	TARDBP	1
SRSF3	SRSF7	1
SRSF3	SSB	1
SRSF3	SRSF5	1
SRSF5	TNPO3	1
SRSF5	SRSF7	1
SRSF7	TARDBP	1
SSB	TARDBP	1
SSB	ZC3H15	1
SSRP1	TRIM24	1
SSRP1	XRCC6	1
STAMBP	USP14	1
STAMBP	UCHL5	1
STAMBP	UBC	1
STAT5B	STAT6	1
STMN1	TYMS	1
SUPT7L	TAF2	1
SUPT7L	TAF5	1
SUPT7L	TRRAP	1
TACC3	TROAP	1
TACC3	TPX2	1
TACC3	TTK	1
TAF11	TAF2	1
TAF11	TAF5	1
TAF2	TRRAP	1
TAF2	TAF5	1
TAF5	TRRAP	1
TARDBP	XPO1	1
TARS1	YARS2	1
TDG	UNG	1
TDG	XPC	1
TFB2M	WDR43	1
TIMM17A	TOMM70	1
TIMM17A	TIMM8A	1
TK1	TRIP13	1
TK1	TPX2	1
TK1	TYMS	1
TK1	UBE2C	1
TK1	ZWINT	1
TK1	TOP2A	1
TNFSF13	XPO1	1
TNPO2	XPO1	1
TNPO3	XPOT	1
TNPO3	XPO1	1
TOMM70	VDAC3	1
TOMM70	VDAC2	1
TOP2A	TRIP13	1
TOP2A	TROAP	1
TOP2A	TOPBP1	1
TOP2A	TPX2	1
TOP2A	TYMS	1
TOP2A	UBE2C	1
TOP2A	TTK	1
TOP2A	ZWINT	1
TOPBP1	XPC	1
TPI1	TYMS	1
TPSAB1	TPSB2	1
TPX2	TRIP13	1
TPX2	ZWINT	1
TPX2	TTK	1
TPX2	UBE2C	1
TRIP13	ZWINT	1
TRIP13	TTK	1
TRIP13	UBE2C	1
TROAP	UBE2C	1
TRRAP	TTI1	1
TRRAP	UCHL5	1
TTK	ZWILCH	1
TTK	UBE2C	1
TTK	ZWINT	1
TXN	TXNIP	1
TXN	TXNRD1	1
TYMS	UMPS	1
TYMS	UNG	1
TYMS	YES1	1
TYMS	ZWINT	1
TYMS	UBE2C	1
UBA2	UBC	1
UBC	USP14	1
UBC	UBE2S	1
UBC	XPC	1
UBC	UBE3C	1
UBC	USP1	1
UBC	UBE2C	1
UBC	UCHL5	1
UBC	UBE2V2	1
UBE2C	UBE2S	1
UBE2C	ZWINT	1
UBE2S	UBE2V2	1
UBE2S	XRCC6	1
UBE3C	USP14	1
UCHL5	USP14	1
UCHL5	USP1	1
USP1	USP14	1
UTP11	UTP25	1
UTP11	WDR43	1
UTP25	WDR43	1
VDAC2	VDAC3	1
XPC	XRCC6	1
XPO1	XPOT	1
XPO1	YWHAZ	1
YWHAE	YWHAZ	1
ZWILCH	ZWINT	1
